"Month","Total_Premiums","Total_Acq","Total_Ren","Total_Claims","Total_Commission"
1,12283738.3403321,0,1724069.48889843,2228651.16783935,1724069.48889843
2,12205973.3264817,0,1453898.4065859,2227231.69072406,1453898.4065859
3,12146592.1480839,0,1575875.62335939,2228313.07041427,1575875.62335939
4,12096189.3462643,0,1688044.72669301,2228859.47406762,1688044.72669301
5,12046386.3766675,0,1857814.40501367,2228757.55636566,1857814.40501367
6,12009956.6218931,0,1773483.03146408,2237458.54441781,1773483.03146408
7,11963232.3813025,0,1673217.19303332,2241053.97648467,1673217.19303332
8,11891895.3458363,0,1085622.88742194,2236764.25646361,1085622.88742194
9,11825903.7374645,0,1448330.98896078,2233040.40460596,1448330.98896078
10,11784034.0332988,0,2013018.11978696,2237643.23629543,2013018.11978696
11,11748436.5255506,0,1560929.13113842,2239005.50827499,1560929.13113842
12,11705106.2418747,0,1449191.59884684,2240733.56495539,1449191.59884684
13,11664409.8581669,0,849663.813411836,2243843.44018176,849663.813411836
14,11608042.2044106,0,698432.603886263,2244920.96448547,698432.603886263
15,11565231.052564,0,856133.652678698,2249742.76391778,856133.652678698
16,11524350.9872644,0,858208.001559717,2255048.91873205,858208.001559717
17,11483378.0291605,0,893926.691802536,2258470.61257816,893926.691802536
18,11455412.0357959,0,962670.744339211,2270682.69001623,962670.744339211
19,11418064.2685988,0,875724.955128641,2276683.7769434,875724.955128641
20,11356463.3999144,0,594245.750370482,2273627.49189921,594245.750370482
21,11300340.9876052,0,740365.113616499,2271851.81533314,740365.113616499
22,11267625.9685575,0,974376.904617273,2279781.72001075,974376.904617273
23,11241216.7179272,0,1019795.24760715,2283886.03778954,1019795.24760715
24,11210017.4806804,0,924977.651812413,2286416.12477482,924977.651812413
25,11181287.3579743,0,910269.467975909,2287644.18099048,910269.467975909
26,11141052.1468145,0,761496.819618128,2286762.35157456,761496.819618128
27,11103942.7273409,0,879201.810314818,2285984.75026809,879201.810314818
28,11076580.6745043,0,863229.909724151,2289350.07263728,863229.909724151
29,11045732.0774469,0,889442.849871538,2292562.04630636,889442.849871538
30,11031094.9210244,0,937844.366083991,2302772.48485013,937844.366083991
31,11008850.729284,0,850035.451692532,2308102.20590128,850035.451692532
32,10959954.2700135,0,576567.449946712,2305154.96598339,576567.449946712
33,10919554.4137231,0,713340.195782824,2304356.81589337,713340.195782824
34,10902120.9451747,0,929355.813103108,2312076.24188759,929355.813103108
35,10891402.2106962,0,979893.609434944,2318749.3912925,979893.609434944
36,10875192.2334479,0,885746.392814197,2322151.84508006,885746.392814197
37,10858067.321106,0,880931.099088603,2323228.79043775,880931.099088603
38,10830912.8688181,0,742606.907848569,2321365.37774696,742606.907848569
39,10811407.4369578,0,847183.362885258,2322634.32506873,847183.362885258
40,10791453.9513913,0,829625.499023893,2323765.59697191,829625.499023893
41,10773337.6053897,0,856737.256834035,2324541.26896544,856737.256834035
42,10764719.7248085,0,895171.840583296,2331036.32981116,895171.840583296
43,10746283.4049652,0,812976.930807418,2333793.78911429,812976.930807418
44,10702851.1743155,0,548838.701526373,2330081.5781312,548838.701526373
45,10664843.2105773,0,682110.538449687,2326987.04940914,682110.538449687
46,10648382.6469794,0,887131.838856199,2331288.54819978,887131.838856199
47,10639077.7100966,0,939167.994465258,2333567.48024566,939167.994465258
48,10613992.9504247,0,807231.641710739,2334986.23313319,807231.641710739
49,10600518.3124008,0,840083.610668358,2336324.82343719,840083.610668358
50,10574416.5705183,0,708146.168545424,2334696.97820806,708146.168545424
51,10556308.7175417,0,808880.400078005,2336231.26369213,808880.400078005
52,10536239.7483536,0,789569.085192657,2337576.99783831,789569.085192657
53,10515115.9890678,0,820254.556466628,2338821.8428796,820254.556466628
54,10505116.158025,0,852832.283529171,2345262.43801157,852832.283529171
55,10486676.7502389,0,774021.844666716,2348092.8134916,774021.844666716
56,10447074.2912223,0,520440.763709882,2344623.7834796,520440.763709882
57,10411748.2523884,0,650786.419892553,2341647.2744968,650786.419892553
58,10395709.9186046,0,845999.344601588,2345783.58964736,845999.344601588
59,10386224.6215006,0,898435.358704328,2347932.67277515,898435.358704328
60,10362208.359836,0,796517.422787262,2346527.6655468,796517.422787262
61,10340033.4639393,0,799515.693271751,2346040.45791082,799515.693271751
62,10309434.5082835,0,673507.193160588,2344633.46614948,673507.193160588
63,10288213.1595626,0,769603.472168087,2346247.04918741,769603.472168087
64,10272778.3388076,0,750013.623444355,2348007.44529182,750013.623444355
65,10254454.0327689,0,783265.401540117,2349259.79963529,783265.401540117
66,10246854.4941631,0,808884.02293841,2356401.84210363,808884.02293841
67,10225090.3691457,0,733429.273897055,2358857.95258679,733429.273897055
68,10182302.9448645,0,491089.891908981,2355699.49020804,491089.891908981
69,10143315.0495102,0,616325.32453647,2353157.92829508,616325.32453647
70,10122101.7926657,0,795064.839680869,2358294.52158432,795064.839680869
71,10110832.5330106,0,856166.971181647,2361153.6301662,856166.971181647
72,10088861.0430688,0,765151.980418707,2363014.17820899,765151.980418707
73,10072131.8144991,0,759330.180013358,2363743.07963405,759330.180013358
74,10035506.3479774,0,638477.369236142,2362631.19893964,638477.369236142
75,10013932.29011,0,722157.031598074,2364346.64645005,722157.031598074
76,9993958.39497402,0,711152.475367254,2364974.94091298,711152.475367254
77,9978885.64130625,0,745964.741145354,2366583.96777955,745964.741145354
78,9969426.2664088,0,762726.497246508,2373833.99640372,762726.497246508
79,9949633.62340075,0,695973.355371916,2377170.2934396,695973.355371916
80,9901890.31648466,0,462518.185501246,2373654.54348797,462518.185501246
81,9862562.83368038,0,589660.601182989,2371040.89092091,589660.601182989
82,9847726.52799329,0,757030.91494343,2375300.37105071,757030.91494343
83,9836225.63067986,0,813873.373136568,2378401.66171612,813873.373136568
84,9815903.30593773,0,725496.450410777,2377161.02102829,725496.450410777
85,9801958.94652068,0,720604.27992106,2377842.33686111,720604.27992106
86,9775830.3157723,0,606421.058441034,2376748.34580737,606421.058441034
87,9753289.99001405,0,689300.615475405,2378433.78941776,689300.615475405
88,9734180.95273357,0,672979.553268805,2378471.83729643,672979.553268805
89,9717970.41949989,0,709099.371398443,2379517.5444536,709099.371398443
90,9709709.42609695,0,718808.042569488,2386649.65079677,718808.042569488
91,9679211.9527202,0,650164.298421807,2387006.09943449,650164.298421807
92,9640176.73250424,0,435490.912356556,2383070.86723146,435490.912356556
93,9605442.0550057,0,560169.460435017,2380472.88506454,560169.460435017
94,9591930.47982364,0,722971.743087457,2385373.10096369,722971.743087457
95,9577708.03422723,0,771910.594312832,2387953.65676125,771910.594312832
96,9561517.31460463,0,686605.385757527,2389689.32212965,686605.385757527
97,9541844.124576,0,676060.105751093,2390583.05671963,676060.105751093
98,9517139.47411742,0,574446.849201256,2390243.68109832,574446.849201256
99,9495143.6605891,0,652274.26376627,2390687.44720623,652274.26376627
100,9478839.88838446,0,634763.58839538,2390292.22718322,634763.58839538
101,9464676.46147306,0,672993.619582066,2392190.28265845,672993.619582066
102,9454339.14730278,0,676112.161104367,2399395.01197326,676112.161104367
103,9435843.25358712,0,603840.483365937,2402735.18981395,603840.483365937
104,9382967.39323016,0,408537.226956394,2394699.10809487,408537.226956394
105,9341903.73979985,0,469040.779685041,2392246.29304549,469040.779685041
106,9325737.51819488,0,683786.153446509,2397034.36764363,683786.153446509
107,9316182.51752045,0,730705.608082109,2399707.49100778,730705.608082109
108,9293034.36683274,0,649532.138941944,2400425.19624692,649532.138941944
109,9269064.86890998,0,645719.334134108,2399557.14162863,645719.334134108
110,9234044.56772048,0,542840.474909827,2399338.76501196,542840.474909827
111,9212681.55287416,0,614173.830963088,2401504.94058306,614173.830963088
112,9188675.13559113,0,595340.073746119,2403275.86101121,595340.073746119
113,9163565.45980981,0,635904.528609245,2400670.95407197,635904.528609245
114,9151820.33746332,0,631516.335147129,2406371.58821718,631516.335147129
115,9125037.01838878,0,538071.789622945,2409804.90672918,538071.789622945
116,9070977.44385768,0,383178.844198983,2406206.34157487,383178.844198983
117,9035646.08536986,0,481417.229356834,2402706.02346266,481417.229356834
118,9023265.07819568,0,643024.604873826,2408471.6054578,643024.604873826
119,9015578.95848959,0,692139.047546154,2412189.89589901,692139.047546154
120,8999500.89462466,0,612756.55405147,2413765.10058918,612756.55405147
121,8974079.86128218,0,583341.848969648,2414376.41668444,583341.848969648
122,8944944.68806401,0,511986.718557378,2414157.66138199,511986.718557378
123,8922188.36675204,0,576920.036519363,2415712.85246557,576920.036519363
124,8894290.41142423,0,560747.322967629,2417237.45483618,560747.322967629
125,8880816.75825972,0,599520.669519283,2418332.48802093,599520.669519283
126,8868270.90454971,0,572769.163894452,2426612.06677797,572769.163894452
127,8846438.4253223,0,531170.250101603,2429717.37190632,531170.250101603
128,8808614.08073081,0,358675.918746313,2425601.07750643,358675.918746313
129,8775562.85572505,0,463387.122768569,2421242.81016408,463387.122768569
130,8752664.28737727,0,603317.140222542,2426556.00803948,603317.140222542
131,8742331.66294688,0,652486.300316992,2429873.24007692,652486.300316992
132,8722357.41290935,0,576370.062118627,2431734.40184911,576370.062118627
133,8705629.7530046,0,569637.939589757,2432665.53726156,569637.939589757
134,8669968.52035177,0,480737.463047636,2432122.58508567,480737.463047636
135,8646598.16098723,0,540334.789183074,2432924.87459478,540334.789183074
136,8625929.03104905,0,525701.12301133,2434257.17283096,525701.12301133
137,8606611.75357573,0,556533.575651856,2431401.72153253,556533.575651856
138,8591173.81408512,0,543199.023788442,2438435.67226659,543199.023788442
139,8575656.31353321,0,504561.843409604,2440273.94501791,504561.843409604
140,8536161.51471567,0,333843.604684916,2435989.19108736,333843.604684916
141,8502822.02140831,0,437291.685352578,2433207.09386226,437291.685352578
142,8485106.43558103,0,565547.070496626,2439021.28740885,565547.070496626
143,8460801.15694257,0,612043.235674829,2441460.19405995,612043.235674829
144,8432535.42527864,0,539021.348340172,2438941.6335275,539021.348340172
145,8410183.01720408,0,540687.656433526,2437312.57946134,540687.656433526
146,8376868.36423608,0,441617.411981132,2437251.32294572,441617.411981132
147,8357127.07877221,0,504644.791018379,2439561.74130479,504644.791018379
148,8332554.95145983,0,490396.248580881,2441044.19394477,490396.248580881
149,8311708.18947919,0,520193.193000263,2440590.91453732,520193.193000263
150,8298755.09095874,0,497667.168096937,2448227.75675654,497667.168096937
151,8279792.36474319,0,468239.439108629,2450308.33794302,468239.439108629
152,8238923.4960187,0,309361.328610832,2446348.04420854,309361.328610832
153,8204069.59109531,0,410251.97141773,2442541.76087982,410251.97141773
154,8181791.73216382,0,528094.860666198,2441963.99895431,528094.860666198
155,8168021.74938096,0,573021.354544329,2444627.64000846,573021.354544329
156,8151731.80969962,0,503741.201209065,2445758.61597018,503741.201209065
157,8134109.00658203,0,500882.914294425,2446361.86366595,500882.914294425
158,8105033.62065258,0,419285.794502004,2435081.50001154,419285.794502004
159,8073885.02834365,0,469375.454606937,2431761.9356572,469375.454606937
160,8050801.36290427,0,455077.526810183,2432754.06840887,455077.526810183
161,8027135.78861674,0,489729.409972338,2432814.97708241,489729.409972338
162,8017034.48750784,0,464845.358561534,2438082.46103327,464845.358561534
163,7999949.63828661,0,432360.751828331,2439981.11182991,432360.751828331
164,7955960.08249333,0,285574.29804596,2435212.57857206,285574.29804596
165,7920669.88494225,0,382220.947645284,2432182.82779867,382220.947645284
166,7904832.83376518,0,490945.830767009,2437855.43070428,490945.830767009
167,7893833.43991579,0,534996.439931864,2439187.68750857,534996.439931864
168,7866106.32041888,0,467677.341713951,2439634.62808047,467677.341713951
169,7845186.71816507,0,465805.624380222,2438430.21037363,465805.624380222
170,7816817.52376047,0,389152.468270114,2437429.46692346,389152.468270114
171,7794546.30856972,0,434796.316969894,2438240.21884928,434796.316969894
172,7776462.4407547,0,420941.148648912,2438396.78757373,420941.148648912
173,7753137.2732304,0,455019.468653738,2438591.4488165,455019.468653738
174,7738759.37741656,0,428334.375929717,2446034.14269254,428334.375929717
175,7710317.42845157,0,397689.71978878,2447427.83655077,397689.71978878
176,7676132.52137393,0,262936.526396509,2443225.16562054,262936.526396509
177,7640841.50008193,0,354829.852259684,2440561.31328386,354829.852259684
178,7620080.04088528,0,434305.927888356,2445498.93869139,434305.927888356
179,7607055.99792653,0,497616.612618234,2449061.33956558,497616.612618234
180,7588464.17065976,0,433668.321527957,2449298.86107481,433668.321527957
181,7570239.14215755,0,430376.144438376,2448513.80231289,430376.144438376
182,7534859.03590408,0,362644.931932698,2443101.22142824,362644.931932698
183,7506667.01535985,0,401659.272378958,2442915.83247715,401659.272378958
184,7474849.63874489,0,388278.099131949,2433778.43576356,388278.099131949
185,7447090.36890011,0,417305.231274438,2434143.05918768,417305.231274438
186,7431226.95197926,0,388813.006721984,2440847.23951897,388813.006721984
187,7412078.3091919,0,358635.259789839,2441578.14026561,358635.259789839
188,7372593.09103028,0,240966.625444653,2437290.46512143,240966.625444653
189,7336107.28190379,0,328908.23759203,2431499.39208009,328908.23759203
190,7320995.33044146,0,409278.317187273,2436010.26781121,409278.317187273
191,7308063.5991544,0,454705.662066577,2439721.1874209,454705.662066577
192,7286702.63817381,0,403956.014170677,2439471.21743311,403956.014170677
193,7266043.05200276,0,401758.877600204,2436165.16537713,401758.877600204
194,7237786.29308097,0,336207.040773635,2432529.5245648,336207.040773635
195,7203841.07396931,0,359091.340178649,2428940.92837612,359091.340178649
196,7184803.06943255,0,358333.934362725,2428155.58809504,358333.934362725
197,7166207.01713401,0,386621.474666672,2430168.94336658,386621.474666672
198,7148102.04986627,0,354470.860643587,2437065.5880996,354470.860643587
199,7128925.61539653,0,329479.665609805,2437978.86884972,329479.665609805
200,7092387.79810402,0,219549.652084908,2431696.88545342,219549.652084908
201,7058165.57996036,0,303008.843818366,2428558.61673149,303008.843818366
202,7037868.773629,0,382813.955708525,2426998.04234939,382813.955708525
203,7017146.46555836,0,417771.161152606,2423941.13491729,417771.161152606
204,6996276.88924337,0,372260.518798249,2426119.20019977,372260.518798249
205,6972469.12969965,0,371053.475414318,2422080.5870986,371053.475414318
206,6944097.41230471,0,309592.964572006,2417693.14654107,309592.964572006
207,6923904.10928547,0,335107.569487698,2416046.19006604,335107.569487698
208,6900928.32660004,0,325971.145736267,2409750.65299579,325971.145736267
209,6879374.52205346,0,354596.868894852,2410862.41838612,354596.868894852
210,6865501.80309862,0,320462.477047396,2415788.57223073,320462.477047396
211,6843989.37413663,0,289602.288216083,2416099.24946564,289602.288216083
212,6808506.64153246,0,198732.107439767,2411920.40286644,198732.107439767
213,6775019.89377974,0,278488.150542488,2408492.27517894,278488.150542488
214,6756783.99341236,0,351345.583219001,2411861.03309116,351345.583219001
215,6744453.01529341,0,387506.072359573,2411930.3298926,387506.072359573
216,6718647.17287419,0,342011.404634724,2413645.15205034,342011.404634724
217,6700109.83870083,0,339719.628044345,2413004.37398288,339719.628044345
218,6674279.78003305,0,283814.810228548,2408197.38487487,283814.810228548
219,6653690.83350501,0,309422.740490947,2407141.6354251,309422.740490947
220,6628822.77613062,0,291107.090669899,2402637.58178049,291107.090669899
221,6610130.66780408,0,324707.841104894,2401391.97110194,324707.841104894
222,6589183.17726866,0,275794.052435712,2400579.64797859,275794.052435712
223,6572252.21791173,0,256617.396153733,2400021.18554046,256617.396153733
224,6534611.27977829,0,178700.766492062,2393757.94214312,178700.766492062
225,6503298.8065928,0,254160.261817824,2390490.2518429,254160.261817824
226,6485757.554832,0,320220.34046255,2395088.20963467,320220.34046255
227,6467406.32063032,0,352638.776151345,2396674.5459184,352638.776151345
228,6449632.88799812,0,313346.054193401,2396789.84452829,313346.054193401
229,6427306.61974172,0,307910.960442431,2392985.0681517,307910.960442431
230,6404231.52760796,0,258269.061918794,2390104.70712836,258269.061918794
231,6376094.10945977,0,280381.096474814,2390270.53065296,280381.096474814
232,6356466.20168564,0,264928.440618855,2388061.1947181,264928.440618855
233,6329635.11363345,0,292266.67001745,2383851.00546882,292266.67001745
234,6311829.08166005,0,252131.938105751,2378135.50853152,252131.938105751
235,6293673.53663201,0,236914.740374406,2378917.5304185,236914.740374406
236,6263333.8706939,0,159782.478727934,2371702.73626053,159782.478727934
237,6233421.32271644,0,230723.610955089,2368649.1479099,230723.610955089
238,6211824.49792555,0,285165.377761654,2362861.82402348,285165.377761654
239,6196372.99242093,0,322168.722111439,2357925.10906425,322168.722111439
240,6179649.71519108,0,284898.58813018,2357639.33136883,284898.58813018
241,6155690.29071141,0,274394.834105748,2356375.8002038,274394.834105748
242,6129690.97724934,0,229886.671934881,2352672.3910665,229886.671934881
243,6107374.52019713,0,252405.73394041,2350542.99003793,252405.73394041
244,6083356.23670249,0,240988.618879776,2347944.65538434,240988.618879776
245,6064977.05012082,0,258331.827561669,2345745.75572142,258331.827561669
246,6050594.85011246,0,222606.643035946,2346539.96851171,222606.643035946
247,6033284.9836158,0,212126.094966835,2345220.18292107,212126.094966835
248,5999126.06215313,0,141946.687221614,2332576.73626564,141946.687221614
249,5965698.69548802,0,209680.355543201,2325760.46105803,209680.355543201
250,5946417.06010276,0,259379.696443274,2322513.01539461,259379.696443274
251,5921526.3672547,0,288732.190911943,2319856.0146008,288732.190911943
252,5899966.76709993,0,257719.96483289,2319618.90910733,257719.96483289
253,5886969.54536882,0,252678.380700389,2317238.04832614,252678.380700389
254,5859994.59136041,0,209988.518815702,2313608.1864861,209988.518815702
255,5836985.04845348,0,220793.597097416,2311351.78478616,220793.597097416
256,5816880.42832182,0,213516.739972281,2304415.39112428,213516.739972281
257,5800282.89860363,0,234674.837679125,2301364.21585575,234674.837679125
258,5776853.29809123,0,185155.972156831,2301455.98032968,185155.972156831
259,5760432.46935551,0,185793.39835515,2299788.6932364,185793.39835515
260,5725054.0764557,0,124782.373853733,2293010.430473,124782.373853733
261,5686803.55848726,0,182760.019542597,2289063.89388678,182760.019542597
262,5670303.54847556,0,231674.334873394,2287720.36138716,231674.334873394
263,5658847.69270144,0,260405.901931094,2284916.66303422,260405.901931094
264,5641128.34729123,0,231535.67244952,2282487.07702517,231535.67244952
265,5622245.24830378,0,220742.952673569,2278024.46280866,220742.952673569
266,5600170.48492356,0,188245.7118753,2271168.44193607,188245.7118753
267,5564892.82634814,0,199837.245570452,2267470.24228011,199837.245570452
268,5539992.3825831,0,185280.941117204,2257227.69821481,185280.941117204
269,5523407.52028144,0,190469.983094654,2257360.87776074,190469.983094654
270,5503817.63848091,0,162870.06750773,2255715.31462895,162870.06750773
271,5487558.79554556,0,159773.637177509,2254421.480098,159773.637177509
272,5460363.25982473,0,108235.462831709,2247249.32146896,108235.462831709
273,5436058.07978974,0,167844.394390855,2241767.84746417,167844.394390855
274,5421257.66714909,0,204166.131633941,2243400.66492501,204166.131633941
275,5401866.21903744,0,215960.332253534,2242707.60149269,215960.332253534
276,5385497.79186404,0,207222.39685321,2240406.71193874,207222.39685321
277,5364302.69830209,0,201953.911152954,2236680.57753002,201953.911152954
278,5340390.04302267,0,144960.906607271,2229747.73442982,144960.906607271
279,5319480.66666582,0,179567.213645479,2228899.69297543,179567.213645479
280,5295600.82595869,0,164571.46129584,2225356.8319464,164571.46129584
281,5274751.84421861,0,177747.887833274,2222698.79617285,177747.887833274
282,5259423.91716277,0,130730.471202438,2226321.08024986,130730.471202438
283,5241192.4647734,0,131965.930061849,2226040.48625307,131965.930061849
284,5205359.05267899,0,88824.3104545519,2210886.6556196,88824.3104545519
285,5180819.44108229,0,149973.710920708,2205544.64744138,149973.710920708
286,5159257.58076937,0,180127.457540806,2208079.23168384,180127.457540806
287,5145029.33182288,0,201151.707186236,2208269.67153103,201151.707186236
288,5126078.35481265,0,176713.032212132,2209662.25017143,176713.032212132
289,5110897.59767138,0,182323.858849916,2206197.30503012,182323.858849916
290,5085535.552768,0,138545.63989001,2198488.91129505,138545.63989001
291,5064412.89780375,0,158706.332185164,2192461.90816473,158706.332185164
292,5041067.22886759,0,145343.531129912,2191034.98671671,145343.531129912
293,5024469.7561692,0,149969.195449607,2192076.25971078,149969.195449607
294,4997244.30094224,0,117913.169394986,2192411.53408358,117913.169394986
295,4976106.69087814,0,112181.833041476,2192113.53444859,112181.833041476
296,4944813.49538729,0,78920.0191154232,2182002.83719006,78920.0191154232
297,4919389.87252893,0,130429.583005484,2178793.2845381,130429.583005484
298,4901040.6175534,0,156557.184017903,2180636.75995701,156557.184017903
299,4890350.06039046,0,178540.430294528,2179993.59511455,178540.430294528
300,4876712.38342405,0,158648.826810337,2181573.39135684,158648.826810337
301,4859790.68073332,0,160752.49936574,2180000.39563902,160752.49936574
302,4834672.66398633,0,124810.459227292,2174110.98240402,124810.459227292
303,4818577.99556273,0,136519.261190455,2168988.52075713,136519.261190455
304,4798346.83173971,0,115692.918555893,2164304.64520755,115692.918555893
305,4786249.00725068,0,130600.509081715,2163024.27588227,130600.509081715
306,4773125.48938076,0,94490.9191161845,2165039.64745024,94490.9191161845
307,4756521.00183773,0,91476.7817227874,2163960.95287775,91476.7817227874
308,4725180.87529661,0,70427.104670459,2151650.68263596,70427.104670459
309,4697195.96188307,0,114448.367832979,2134149.61571615,114448.367832979
310,4683268.78102176,0,136431.044808062,2136285.75776267,136431.044808062
311,4673513.3446294,0,156902.466872079,2135454.15659931,156902.466872079
312,4655163.00771819,0,137125.074654254,2136763.87441018,137125.074654254
313,4640410.39750605,0,138818.160328999,2135253.8375274,138818.160328999
314,4620877.41898909,0,110241.444805503,2130543.43350828,110241.444805503
315,4602304.59862197,0,109760.703984943,2127535.95955443,109760.703984943
316,4584095.46840732,0,99936.5961080447,2125270.50870913,99936.5961080447
317,4569104.03639472,0,106943.454334461,2124284.77497238,106943.454334461
318,4554210.37980861,0,79478.2903343949,2122679.82427879,79478.2903343949
319,4535483.19150077,0,69603.3458297348,2119339.91854122,69603.3458297348
320,4505728.78824251,0,60289.5340659766,2111575.486556,60289.5340659766
321,4480110.26596335,0,99593.4884262013,2106275.17860704,99593.4884262013
322,4461118.73218413,0,121170.948943365,2103635.85275278,121170.948943365
323,4447021.28115611,0,132706.618906393,2101865.22677737,132706.618906393
324,4429618.46751314,0,126923.665050329,2102413.16774194,126923.665050329
325,4416785.37425953,0,118448.316248686,2097865.65882824,118448.316248686
326,4392648.18378339,0,94022.2590837801,2090337.05493238,94022.2590837801
327,4374298.4101336,0,97036.6459494064,2085155.8094211,97036.6459494064
328,4357740.36229353,0,86489.5196682363,2083012.46555154,86489.5196682363
329,4341666.26798907,0,83647.513830782,2083746.40883109,83647.513830782
330,4317566.50405628,0,61052.7234321899,2080100.22564035,61052.7234321899
331,4300583.27212258,0,50713.8224267809,2079078.13308515,50713.8224267809
332,4272109.14922094,0,48869.8956791427,2070268.18833455,48869.8956791427
333,4250627.90075735,0,84815.8807535833,2065708.80801317,84815.8807535833
334,4230473.1859115,0,104830.777661149,2065785.89557824,104830.777661149
335,4219916.26083654,0,111364.212258851,2066282.24565105,111364.212258851
336,4204903.54972439,0,105944.055720785,2065938.72195453,105944.055720785
337,4192283.02284716,0,105719.422468024,2063670.44965403,105719.422468024
338,4171303.58906029,0,76419.3044453181,2060337.79314835,76419.3044453181
339,4148762.06744992,0,84262.9716490614,2056101.60504358,84262.9716490614
340,4128003.44084458,0,78090.5700645823,2043230.81836023,78090.5700645823
341,4111934.56613128,0,61526.5693984841,2043147.07425808,61526.5693984841
342,4098613.73445131,0,43749.653626555,2044587.17267385,43749.653626555
343,4085031.91509794,0,37040.5371958258,2044059.79288233,37040.5371958258
344,4060541.84438875,0,37623.1099468269,2036207.6904401,37623.1099468269
345,4040114.19835338,0,68786.0743447822,2032079.87168252,68786.0743447822
346,4020547.75990322,0,82138.7212440908,2032704.99637648,82138.7212440908
347,4009442.53137919,0,93008.43582291,2033276.92503101,93008.43582291
348,3994579.92523576,0,90250.7154027171,2032632.64563533,90250.7154027171
349,3967691.2147317,0,77542.7116266176,2028072.1082881,77542.7116266176
350,3948099.58004007,0,58659.8995472757,2022797.33225126,58659.8995472757
351,3931990.31683407,0,71974.9050385006,2019589.73029751,71974.9050385006
352,3914948.07010387,0,57799.1719784781,2017006.90348719,57799.1719784781
353,3900107.38539736,0,43808.7979394459,2017316.4748974,43808.7979394459
354,3884960.08999503,0,23891.294837289,2017519.78900806,23891.294837289
355,3871066.27162255,0,27043.9120721666,2015216.02087396,27043.9120721666
356,3842940.84868935,0,26751.8443320386,2007094.65789694,26751.8443320386
357,3819294.22189323,0,53835.6342585353,2002990.46403945,53835.6342585353
358,3805459.42606631,0,71151.708761914,2004554.32197685,71151.708761914
359,3793118.30212196,0,76178.6806716906,2004453.67086002,76178.6806716906
360,3777745.95907599,0,75714.2116986882,1993667.83294474,75714.2116986882
361,3766299.66300304,0,68507.1602729466,1986078.59993174,68507.1602729466
362,3746290.00641417,0,45699.1879771324,1970604.16718936,45699.1879771324
363,3729824.30777694,0,56665.9855796884,1968126.43627881,56665.9855796884
364,3712120.21705343,0,40289.0324595511,1964184.01556032,40289.0324595511
365,3699923.13489624,0,26269.6610052366,1965045.09137388,26269.6610052366
366,3680734.58814086,0,7263.21138056957,1963791.66935231,7263.21138056957
367,3657832.60169357,0,13620.9658909221,1954884.08458019,13620.9658909221
368,3633308.11401178,0,19092.144768549,1946466.23895579,19092.144768549
369,3614479.89244156,0,42509.0132544162,1942681.8904543,42509.0132544162
370,3601270.9854553,0,58897.5027466599,1940874.8041147,58897.5027466599
371,3588941.85605327,0,57542.3589130343,1941989.19321644,57542.3589130343
372,3574801.44606993,0,58909.507023967,1940360.49908207,58909.507023967
373,3561730.55263482,0,53448.807950247,1934708.38092647,53448.807950247
374,3544242.96664039,0,33165.2854242315,1930747.73447575,33165.2854242315
375,3517796.14610759,0,42379.1637019722,1920202.01110947,42379.1637019722
376,3498658.77007822,0,32804.5554701757,1890765.46640814,32804.5554701757
377,3488796.5646918,0,4510.56983563362,1892328.17086326,4510.56983563362
378,3474278.5291408,0,5026.29306997273,1892170.45073448,5026.29306997273
379,3461553.72147657,0,1780.02862828423,1887624.41067728,1780.02862828423
380,3435209.12413038,0,12872.9530916161,1878249.8668424,12872.9530916161
381,3414873.12474985,0,26696.1822376439,1874461.62710065,26696.1822376439
382,3404198.76379877,0,41973.2118441428,1875987.44515443,41973.2118441428
383,3394351.91943919,0,45262.8966581385,1874760.5222731,45262.8966581385
384,3382589.26437551,0,47510.5622208886,1874737.90364372,47510.5622208886
385,3371605.3404,0,38990.2487821691,1870882.70732354,38990.2487821691
386,3353331.54334561,0,17020.0187649106,1865772.06072518,17020.0187649106
387,3333166.05224962,0,35535.3101298625,1856253.82307483,35535.3101298625
388,3317550.73224186,0,20794.40531631,1850763.32139153,20794.40531631
389,3305559.24086493,0,-6100.51158123749,1851817.53166158,-6100.51158123749
390,3293163.07058585,0,-1921.03277374303,1851223.93477008,-1921.03277374303
391,3282051.30088019,0,-13341.8995087597,1848985.93941371,-13341.8995087597
392,3258436.28135062,0,-1551.45135881375,1840626.04291223,-1551.45135881375
393,3236454.14564388,0,19836.2317435989,1829533.83896582,19836.2317435989
394,3222770.6046839,0,28588.3172008909,1830559.40054785,28588.3172008909
395,3213098.22079322,0,28187.3749362977,1831368.06838297,28187.3749362977
396,3196139.28156375,0,30933.21895762,1821141.71203028,30933.21895762
397,3184590.30689905,0,20689.5447795888,1805113.84400235,20689.5447795888
398,3168114.16674443,0,9586.94572973819,1799458.06930305,9586.94572973819
399,3150124.55276296,0,24901.3367732403,1792924.69181193,24901.3367732403
400,3133222.22547895,0,16884.7432179812,1786050.01199483,16884.7432179812
401,3123717.82311133,0,-13167.2013955628,1785580.78744679,-13167.2013955628
402,3106993.06315672,0,-15079.1102282746,1786228.38234592,-15079.1102282746
403,3084641.06212123,0,-10241.23623394,1778623.22060713,-10241.23623394
404,3063083.53180881,0,2557.7849864371,1767803.56117881,2557.7849864371
405,3044553.99238683,0,17124.9209623509,1761833.22300299,17124.9209623509
406,3031261.23698482,0,19829.4389495282,1762475.8929286,19829.4389495282
407,3021304.50989588,0,16675.826242066,1763557.56686004,16675.826242066
408,3010012.28375294,0,23738.2787174047,1763342.27134072,23738.2787174047
409,3000649.89078732,0,15584.3025020876,1759543.36287897,15584.3025020876
410,2985662.59098165,0,-1291.39655602959,1756041.83437881,-1291.39655602959
411,2971498.90472792,0,13791.1484497166,1751696.89502139,13791.1484497166
412,2957747.74433705,0,4854.80945658183,1746232.53753461,4854.80945658183
413,2941359.41303363,0,-19141.6779772478,1743224.33141375,-19141.6779772478
414,2924296.01687749,0,-17832.6844307542,1739728.67594643,-17832.6844307542
415,2909294.79204101,0,-16799.5240068543,1734991.62471893,-16799.5240068543
416,2887050.30833487,0,-3933.52743311774,1727989.54307552,-3933.52743311774
417,2866722.7086942,0,6175.97151343124,1723426.37030983,6175.97151343124
418,2851267.20162371,0,14632.7196562595,1717357.17762012,14632.7196562595
419,2845305.79659729,0,1308.4560354518,1718479.52828817,1308.4560354518
420,2834191.23999572,0,19362.719526211,1717293.72087508,19362.719526211
421,2820931.93200001,0,7363.54074159245,1708440.97085452,7363.54074159245
422,2798904.06485835,0,-258.763639502552,1699598.84228746,-258.763639502552
423,2779718.05319644,0,-2125.07577659765,1694923.71834801,-2125.07577659765
424,2765022.21019297,0,-6192.18918335933,1689885.41170668,-6192.18918335933
425,2755359.469379,0,-30923.0615905329,1690608.06867858,-30923.0615905329
426,2742789.21317053,0,-27236.7883620573,1688877.76403303,-27236.7883620573
427,2725445.69221951,0,-20364.9614491828,1681466.30996569,-20364.9614491828
428,2705438.2247598,0,-9794.90137443516,1674239.2840785,-9794.90137443516
429,2687295.19365462,0,7070.44614562482,1667728.83926253,7070.44614562482
430,2672971.42596326,0,8562.63794172642,1660377.35400119,8562.63794172642
431,2664611.04955433,0,-10035.6182472527,1655600.56784817,-10035.6182472527
432,2651688.60897937,0,12731.2328857389,1654271.61650122,12731.2328857389
433,2643800.90057859,0,-4346.95922731588,1649701.33594158,-4346.95922731588
434,2628425.03141937,0,-8258.03039465284,1646336.06211327,-8258.03039465284
435,2616513.06043415,0,-343.479196195008,1642866.35747734,-343.479196195008
436,2603226.19898438,0,-13342.0152480754,1637412.84791425,-13342.0152480754
437,2596765.01407727,0,-41472.1756373207,1638936.55237861,-41472.1756373207
438,2584869.59014333,0,-35206.7233999018,1637638.0385341,-35206.7233999018
439,2571948.26376429,0,-24601.5247778182,1633710.22649241,-24601.5247778182
440,2551984.05521662,0,-15881.2603579857,1622815.45888904,-15881.2603579857
441,2536314.12298186,0,-4971.76365194428,1617872.8548214,-4971.76365194428
442,2524515.02604854,0,-850.745761193501,1617191.09444276,-850.745761193501
443,2517183.23003708,0,-18673.3744956261,1614044.77750536,-18673.3744956261
444,2501548.19325067,0,3721.53590207983,1605408.86340396,3721.53590207983
445,2492898.33292642,0,-15238.2098798325,1601255.64198387,-15238.2098798325
446,2479475.29719729,0,-10111.4649428772,1596363.67266992,-10111.4649428772
447,2470097.65809432,0,-8010.48224531002,1592314.81902884,-8010.48224531002
448,2456192.29448377,0,-11776.8146580858,1586071.69511556,-11776.8146580858
449,2447714.571827,0,-48738.885613764,1586445.27317549,-48738.885613764
450,2435235.3683031,0,-38966.3270660506,1584351.96742784,-38966.3270660506
451,2423525.99976759,0,-29013.05337291,1570420.79309028,-29013.05337291
452,2401898.09033491,0,-14387.9803199361,1562126.31436822,-14387.9803199361
453,2386989.83059786,0,-14552.3150440163,1558851.22342842,-14552.3150440163
454,2373556.2882377,0,-11359.836642456,1556188.03223814,-11359.836642456
455,2366384.08812233,0,-29439.2378708147,1556616.92875139,-29439.2378708147
456,2356596.31703923,0,-8207.63612115824,1556477.95589323,-8207.63612115824
457,2348513.47835533,0,-22664.3887784642,1552861.91930505,-22664.3887784642
458,2334520.37491803,0,-16011.4732584445,1547093.75538511,-16011.4732584445
459,2322458.62562268,0,-18110.3785625079,1543320.76570169,-18110.3785625079
460,2309307.67748334,0,-18076.1634319081,1537150.89500553,-18076.1634319081
461,2302895.06473716,0,-55529.6631150127,1537097.2761147,-55529.6631150127
462,2290063.76626642,0,-39903.3927344725,1533483.75712457,-39903.3927344725
463,2275018.67709011,0,-35236.6474888046,1518072.23043626,-35236.6474888046
464,2255113.41287251,0,-15328.1885125838,1510268.94995471,-15328.1885125838
465,2239647.79116847,0,-18693.6420105668,1505616.74848026,-18693.6420105668
466,2229650.12324272,0,-13808.3965607946,1504189.46037834,-13808.3965607946
467,2222406.79978444,0,-37183.2219201754,1504075.33798791,-37183.2219201754
468,2212471.97314767,0,-12929.7201275601,1503132.14089023,-12929.7201275601
469,2202068.36512337,0,-25449.5635232607,1496795.11224203,-25449.5635232607
470,2189657.7576451,0,-22597.3974426717,1491089.73891626,-22597.3974426717
471,2178381.20469807,0,-26725.29774795,1487661.98436251,-26725.29774795
472,2164550.87662453,0,-28277.8159488085,1482588.38242465,-28277.8159488085
473,2156532.93953591,0,-59713.1070918901,1482331.13853469,-59713.1070918901
474,2144305.87076049,0,-44103.7100608691,1480711.96731989,-44103.7100608691
475,2129305.65719121,0,-33849.4741107218,1473140.37899148,-33849.4741107218
476,2112782.3836728,0,-19255.6712984893,1462756.88950897,-19255.6712984893
477,2099482.26536721,0,-21074.9402493571,1458657.38917901,-21074.9402493571
478,2088680.06071249,0,-19097.5433385896,1456306.74518915,-19097.5433385896
479,2083945.60302919,0,-44052.3504787026,1456779.97849538,-44052.3504787026
480,2078117.47329113,0,-19087.5493069005,1457137.69983681,-19087.5493069005
481,2069192.50810528,0,-31963.0665899398,1450418.9133196,-31963.0665899398
482,2056403.52760238,0,-17735.1654594263,1445902.92714491,-17735.1654594263
483,2045432.20398019,0,-30880.7864225683,1441051.88769658,-30880.7864225683
484,2034005.62675277,0,-38722.6660003361,1436112.66094476,-38722.6660003361
485,2028853.3173685,0,-67645.5710239013,1437729.99869308,-67645.5710239013
486,2019831.90279132,0,-48201.3637391554,1437086.29182713,-48201.3637391554
487,2010239.39809523,0,-30709.3037508687,1432257.9261573,-30709.3037508687
488,1994089.63069909,0,-22077.7674777762,1425583.99959629,-22077.7674777762
489,1978778.06955632,0,-25756.5770823567,1418333.02467653,-25756.5770823567
490,1967050.09970282,0,-21044.3585180732,1413056.82857153,-21044.3585180732
491,1959500.92258331,0,-47295.665929223,1410748.09816023,-47295.665929223
492,1952753.74542123,0,-26136.8421730827,1411036.16130975,-26136.8421730827
493,1945151.18795181,0,-38643.3021512875,1406520.69263616,-38643.3021512875
494,1934702.55358879,0,-25767.5055720241,1400760.44492443,-25767.5055720241
495,1924332.75620576,0,-32190.0598197389,1397428.63682124,-32190.0598197389
496,1915365.45506196,0,-38875.3217077356,1392105.94723777,-38875.3217077356
497,1906716.57052823,0,-72063.1823191442,1390906.73680223,-72063.1823191442
498,1892840.30863416,0,-43480.4522725471,1385428.02703299,-43480.4522725471
499,1879949.12765036,0,-34177.1954214651,1379710.38732492,-34177.1954214651
500,1864998.98046563,0,-23516.2088368261,1372570.09597038,-23516.2088368261
501,1852334.407383,0,-30764.1485795202,1369640.90207226,-30764.1485795202
502,1842775.4000636,0,-27662.2041717531,1369631.74413959,-27662.2041717531
503,1830872.42610974,0,-45163.1776759648,1363921.70110011,-45163.1776759648
504,1825512.87575891,0,-34593.7627605475,1362592.03079378,-34593.7627605475
505,1816561.00322176,0,-36489.6285946975,1355816.69000643,-36489.6285946975
506,1806249.72847604,0,-32376.4566847205,1353624.459871,-32376.4566847205
507,1797002.88534354,0,-35473.9098992694,1350248.41131651,-35473.9098992694
508,1787832.99248577,0,-42804.9235154336,1344395.27299286,-42804.9235154336
509,1781936.38269424,0,-73914.8261706426,1346003.74914125,-73914.8261706426
510,1773136.31520079,0,-39312.5878098582,1344446.42603235,-39312.5878098582
511,1761800.94874947,0,-37188.7712996037,1336206.35097516,-37188.7712996037
512,1745888.79809029,0,-23438.8873529671,1329222.07654151,-23438.8873529671
513,1735258.43357093,0,-31911.1832407824,1324166.23227735,-31911.1832407824
514,1727950.80607884,0,-33357.6063935596,1323683.95698025,-33357.6063935596
515,1722192.91751255,0,-48933.7684124004,1320966.95110177,-48933.7684124004
516,1719834.70370744,0,-30526.3375049607,1321988.04484907,-30526.3375049607
517,1712756.13226482,0,-44982.9281411005,1317338.53553801,-44982.9281411005
518,1701412.42641136,0,-33765.0875014767,1313925.56723177,-33765.0875014767
519,1690930.66234662,0,-37789.465944736,1310010.75197475,-37789.465944736
520,1682125.48070814,0,-46522.8328091779,1305559.25566064,-46522.8328091779
521,1679484.24383029,0,-80896.8645518355,1307001.93308717,-80896.8645518355
522,1669046.90890179,0,-40051.0427053492,1304465.3433506,-40051.0427053492
523,1660203.97720323,0,-41520.9401200739,1297954.24374034,-41520.9401200739
524,1646258.22781068,0,-22286.2170604082,1290891.8886619,-22286.2170604082
525,1637313.05070491,0,-35512.6413650242,1287762.30482292,-35512.6413650242
526,1631184.09236216,0,-36686.0088312916,1287190.97323264,-36686.0088312916
527,1625109.96438604,0,-52425.5663615557,1286698.75470262,-52425.5663615557
528,1618417.10231886,0,-38124.1480882577,1281323.40713638,-38124.1480882577
529,1612454.31537553,0,-42610.1540874809,1276037.80603558,-42610.1540874809
530,1603099.19934934,0,-36952.448141349,1273580.56867479,-36952.448141349
531,1594993.72280848,0,-42404.5070041618,1270472.70215747,-42404.5070041618
532,1587284.97850098,0,-49169.4205495141,1265788.63010568,-49169.4205495141
533,1582666.22011474,0,-84287.2497344128,1267173.23656105,-84287.2497344128
534,1574884.76032964,0,-46051.9542240428,1266055.7006024,-46051.9542240428
535,1559220.47163845,0,-31819.4371067475,1256467.58949481,-31819.4371067475
536,1546576.98221178,0,-23137.7186087639,1250324.5189901,-23137.7186087639
537,1536055.01158913,0,-39360.5814869807,1241198.44990318,-39360.5814869807
538,1530366.09503116,0,-39025.7093362466,1241375.95697451,-39025.7093362466
539,1525174.62583585,0,-54997.5709266815,1240087.39922784,-54997.5709266815
540,1521905.52381541,0,-34441.5628879791,1239987.44207123,-34441.5628879791
541,1515357.7217733,0,-46687.9301913016,1235066.8360535,-46687.9301913016
542,1503430.02775865,0,-32385.9361544704,1231622.78645654,-32385.9361544704
543,1496986.28764401,0,-36616.9256420679,1229064.56264607,-36616.9256420679
544,1488571.48702207,0,-49637.4270512547,1221932.95758034,-49637.4270512547
545,1485095.97588345,0,-87812.5821583135,1224551.60517879,-87812.5821583135
546,1476317.6239956,0,-48711.1683786677,1222528.68733762,-48711.1683786677
547,1464777.00466544,0,-31819.485600328,1215395.55547106,-31819.485600328
548,1452562.05394587,0,-25651.7100802221,1209234.0314028,-25651.7100802221
549,1443194.84876851,0,-41519.7246615484,1205834.30579277,-41519.7246615484
550,1436317.99433806,0,-39067.1509542237,1205383.2528323,-39067.1509542237
551,1435144.16347443,0,-57294.1211139775,1203770.16936415,-57294.1211139775
552,1434353.68231121,0,-34210.4291719428,1196158.44017248,-34210.4291719428
553,1428700.94264824,0,-47816.5415069992,1191096.15242722,-47816.5415069992
554,1420178.59868473,0,-34417.0493171341,1188871.04576368,-34417.0493171341
555,1411643.33278741,0,-40581.3123893516,1185662.2386833,-40581.3123893516
556,1405474.9959779,0,-50272.4321883427,1181519.31238864,-50272.4321883427
557,1399332.64408459,0,-87247.9573927152,1182834.5573388,-87247.9573927152
558,1391201.4406757,0,-49946.1929360627,1180979.48544117,-49946.1929360627
559,1381360.53674924,0,-33749.1747828552,1174789.5253242,-33749.1747828552
560,1367028.16263222,0,-25396.9018083803,1167627.40149807,-25396.9018083803
561,1356664.55571682,0,-39841.2370661005,1163418.18864584,-39841.2370661005
562,1349817.51010079,0,-42564.8322167047,1162179.11555557,-42564.8322167047
563,1344624.29336405,0,-58025.8328923041,1159605.94502867,-58025.8328923041
564,1343475.569599,0,-44973.9440455438,1159544.5690558,-44973.9440455438
565,1336687.55776901,0,-46472.372628466,1153699.99768866,-46472.372628466
566,1328746.80725022,0,-30435.1879746164,1151344.05052485,-30435.1879746164
567,1322460.33148752,0,-46105.4765138402,1148439.89095387,-46105.4765138402
568,1316342.31918669,0,-53856.0608898477,1143978.81425439,-53856.0608898477
569,1309963.26578042,0,-84520.6968253368,1144963.35540411,-84520.6968253368
570,1302323.51388668,0,-50984.1797592563,1143182.0575641,-50984.1797592563
571,1293713.81773379,0,-33959.2486320655,1136247.07141863,-33959.2486320655
572,1282643.84889551,0,-27056.7992999439,1130560.83819349,-27056.7992999439
573,1272874.90920311,0,-40291.0504417868,1126847.51968237,-40291.0504417868
574,1267820.92089588,0,-45761.2429638878,1126476.1341143,-45761.2429638878
575,1264045.51757472,0,-54792.1271511578,1124867.98239433,-54792.1271511578
576,1261499.35602609,0,-46380.1698324672,1123602.51745578,-46380.1698324672
577,1256066.4018633,0,-49401.3206493109,1118264.79433109,-49401.3206493109
578,1248898.23294075,0,-37433.4558396532,1115830.34466473,-37433.4558396532
579,1241983.57912633,0,-47391.2648624362,1112510.06003786,-47391.2648624362
580,1233553.32588717,0,-52889.9086438805,1106819.90266461,-52889.9086438805
581,1226326.40833269,0,-78644.2266220767,1108576.65781428,-78644.2266220767
582,1218763.28801262,0,-51127.0263433817,1104359.66238091,-51127.0263433817
583,1207588.79992338,0,-32312.4792017258,1096347.54624789,-32312.4792017258
584,1196392.57704577,0,-27258.725389438,1085925.9643287,-27258.725389438
585,1187752.83028337,0,-41792.4080527246,1083356.04232402,-41792.4080527246
586,1183832.43383641,0,-49890.075704219,1084942.11482123,-49890.075704219
587,1180346.0043302,0,-57118.5791494897,1084209.83364294,-57118.5791494897
588,1179925.53410709,0,-46759.0261773825,1084385.66841857,-46759.0261773825
589,1175438.65679863,0,-52120.0996704482,1079806.28819087,-52120.0996704482
590,1168085.98729079,0,-39529.077002269,1079044.72096827,-39529.077002269
591,1160589.50031049,0,-45271.8125107564,1075884.42824224,-45271.8125107564
592,1153797.76506167,0,-52984.7797909423,1069862.12961696,-52984.7797909423
593,1145353.9862584,0,-73274.6823358697,1070181.81891821,-73274.6823358697
594,1134460.24788376,0,-43296.8091437225,1066296.71132998,-43296.8091437225
595,1126626.21212717,0,-33926.7829405292,1059961.77190401,-33926.7829405292
596,1116052.1702037,0,-27869.7865242534,1053231.34104425,-27869.7865242534
597,1108761.63174972,0,-43493.7558758851,1035902.13844628,-43493.7558758851
598,1102321.56899039,0,-48731.5332657181,1036036.95506565,-48731.5332657181
599,1099618.63078135,0,-59133.4890135933,1035218.91213689,-59133.4890135933
