"Time","PREM_INC","DEATH_OUTGO","DISAB_OUTGO","INIT_EXP","REN_EXP","INIT_COMM","REN_COMM","PHIBEN_OUTGO","PHIBEN_OUTGO_BLL","CR_BEN_OUTGO","RETR_OUTGO","DTH_OUTGO","DREADDIS_OUTGO","TEMPDIS_OUTGO","RIDERC_OUTGO","RISK_ADJ","COVERAGE_UNITS"
45107,0,0,0,0,0,0,0,0,0,0,0,0,0,0,0,0,0
45138,325.469322260253,0,0,0,39.4526602997411,3010.16679016077,0,0,0,0,0,0,0,0,0,269.039573920364,255598.56129851
45169,653.696557744734,0,0,0,79.4359218397353,3036.74693919141,0,0.651219343692964,0,0,0,0,0,0,0,273.987875939764,513387.039427754
45199,984.21902921644,0,0,0,119.910000859377,3059.0880509169,0,1.59284341362088,0,0,0,0,0,0,0,279.295278903482,773001.777671983
45230,1320.50797196488,0,0,0,161.279513052534,3113.47955342527,0,2.72180994425558,0,0,0,0,0,0,0,288.054529532821,1037165.40019307
45260,1662.32246146609,0,0,0,203.511176938352,3165.59441497639,0,3.98429242857375,0,0,0,0,0,0,0,297.042172450849,1305681.32900403
45291,1935.05872540149,0,0,0,237.568031637337,2527.77938370539,0,5.36182056946023,0,0,0,0,0,0,0,244.842018045977,1519967.14072957
45322,2175.2613567367,0,0,0,267.832881025606,2236.93420923554,0,6.69589689890286,0,0,0,0,0,0,0,223.403090565436,1708731.16819703
45351,2500.72868910327,0,0,0,308.568031119263,3035.86896048877,0,7.99274441082565,0,0,0,0,0,0,0,299.338278409417,1964453.63932261
45382,2833.08659167858,0,0,0,350.31918029128,3110.05251700868,0,9.4660617465581,0,0,0,0,0,0,0,311.154006842358,2225624.63700658
45412,3213.28663311146,0,0,0,398.068470929414,3566.19186455498,0,11.0620222139886,0,0,0,0,0,0,0,357.631232633655,2524379.75254823
45443,3600.87249622239,0,0,0,446.933004868455,3649.3755775527,0,12.842758152264,0,0,0,0,0,0,0,371.455876869135,2828945.70175739
45473,3995.79541289148,0,0,0,496.906299601013,3731.7488199802,0,14.7471586906499,0,0,0,0,0,0,0,385.634844615898,3139300.62756899
45504,3964.7613824069,0,0,0,492.712244847984,661.831935542006,0,16.7101940437384,0,0,0,0,0,0,0,1.80507351999581,3109745.51040757
45535,3937.99118893852,0,0,0,488.937459837978,735.886569657197,0,17.8721208793631,0,0,0,0,0,0,0,9.76810553041086,3083437.30217299
45565,3916.67609173341,0,0,0,485.70362681202,823.536812395448,0,18.7058844674679,0,0,0,0,0,0,0,18.2937683937426,3061310.12756081
45596,3896.40816100738,0,0,0,482.506118230239,873.811287744852,0,19.3457880878192,0,0,0,0,0,0,0,23.0988384428484,3039902.71868243
45626,3877.78452212593,0,0,0,479.417269541933,933.153891767658,0,19.8619779971776,0,0,0,0,0,0,0,28.4669547172532,3019681.98208027
45657,3855.39513525286,0,0,0,476.415389322623,748.132293652834,0,20.2910487748479,0,0,0,0,0,0,0,38.6707780441708,2997649.86255826
45688,3831.24745402711,0,0,0,473.44174414043,665.289691873757,0,20.6381287417686,0,0,0,0,0,0,0,45.3491626696575,2974786.73808563
45716,3813.0709703039,0,0,0,470.442357350486,962.383461777599,0,20.8978631219826,0,0,0,0,0,0,0,44.0553841904651,2955207.65000725
45747,3794.74221869843,0,0,0,467.327016435695,1003.08164231981,0,21.0926309834643,0,0,0,0,0,0,0,47.4298238641921,2935399.16427714
45777,3779.9551624671,0,0,0,464.192141670369,1185.99567346053,0,21.2141978811523,0,0,0,0,0,0,0,48.37696633801,2917561.976865
45808,3765.72019051756,0,0,0,461.021484153223,1235.26158422857,0,21.2716730733878,0,0,0,0,0,0,0,51.9116616033041,2900033.63478695
45838,3752.13200656727,0,0,0,457.824218192482,1286.63263302526,0,21.2629452844979,0,0,0,0,0,0,0,55.4534112773778,2882883.05259279
45869,3728.1478440778,0,0,0,454.607381231054,92.1597948724622,0,21.843276368741,0,0,0,0,0,0,0,81.4531737954175,2860186.9853134
45900,3704.65625199166,0,0,0,451.369495644407,120.752142551889,0,22.9734054970241,0,0,0,0,0,0,0,86.7142610357089,2837803.30013038
45930,3681.66670678755,0,0,0,448.109845577842,147.278921724765,0,24.665417384173,0,0,0,0,0,0,0,91.7336018681851,2815735.32176082
45961,3659.18299075458,0,0,0,444.827677479695,171.754994802446,0,26.9249127597308,0,0,0,0,0,0,0,96.5276651912358,2793983.51047981
45991,3637.21244192257,0,0,0,441.522210036175,194.158057593954,0,29.7591122344674,0,0,0,0,0,0,0,101.097141097344,2772550.46472882
46022,3611.05792523575,0,0,0,438.202073035545,158.717816508374,0,33.0407018205494,0,0,0,0,0,0,0,107.306190640644,2748867.06048873
46053,3583.03133920172,0,0,0,434.871759504708,148.128159424062,0,36.6982799482663,0,0,0,0,0,0,0,112.329223804919,2724210.47888938
46081,3560.50232642145,0,0,0,431.520829590638,223.01060715377,0,40.8810296205859,0,0,0,0,0,0,0,114.229068907412,2702615.2993349
46112,3538.51416864476,0,0,0,428.148068698758,237.707468699126,0,45.6109340274355,0,0,0,0,0,0,0,117.935626498398,2681354.35310264
46142,3519.68833637246,0,0,0,424.747365487728,281.438651175458,0,50.9647168126053,0,0,0,0,0,0,0,120.420935929202,2661858.87029592
46173,3501.39847470524,0,0,0,421.317583007011,292.091104918268,0,56.9528024911945,0,0,0,0,0,0,0,123.781896614641,2642683.04336506
46203,3483.65680323651,0,0,0,417.857760925934,300.488759216793,0,63.578045607231,0,0,0,0,0,0,0,126.950695826405,2623831.75362964
46234,3457.78593740834,0,0,0,414.575524288658,186.773359648679,0,70.1455896932095,0,0,0,0,0,0,0,130.891353704416,2600998.4280773
46265,3434.11707234107,0,0,0,411.474761489566,195.082177519989,0,76.6758536825207,0,0,0,0,0,0,0,133.983206263317,2579743.85754925
46295,3412.66688869182,0,0,0,408.557884633247,203.490460066747,0,83.190395454273,0,0,0,0,0,0,0,136.928069762401,2560078.18517286
46326,3393.44840974898,0,0,0,405.827419143537,212.020684997012,0,89.6993225803014,0,0,0,0,0,0,0,139.740996168974,2542009.61646166
46356,3376.47874561258,0,0,0,403.285993131183,220.647141916893,0,96.2107740218979,0,0,0,0,0,0,0,142.421696183194,2525549.23321488
46387,3357.1840692232,0,0,0,400.901486438425,178.825344225393,0,102.711156963369,0,0,0,0,0,0,0,147.359586432591,2508096.98832701
46418,3337.45858873662,0,0,0,398.67465977074,160.187533174434,0,109.177739603936,0,0,0,0,0,0,0,150.857736153399,2490678.8902774
46446,3324.31633610013,0,0,0,396.646423340952,220.115551778596,0,115.640152449336,0,0,0,0,0,0,0,150.454967594251,2477257.8261193
46477,3313.32507657973,0,0,0,394.821557745659,228.010933765697,0,122.123972020628,0,0,0,0,0,0,0,152.575982308218,2465369.03136386
46507,3307.05867313112,0,0,0,393.224659833253,264.033204678916,0,128.643353027292,0,0,0,0,0,0,0,153.264203998726,2456477.63904524
46538,3303.17776876466,0,0,0,391.861181025469,272.458818076723,0,135.209028395785,0,0,0,0,0,0,0,155.243901897568,2449283.86888144
46568,3301.71098406028,0,0,0,390.733102795777,280.900364550238,0,141.820904420666,0,0,0,0,0,0,0,157.114467339215,2443805.9581372
46599,3292.78278784578,0,0,0,389.631905758991,190.836852408854,0,148.44511299228,0,0,0,0,0,0,0,161.77375824167,2434221.87489924
46630,3284.43364309159,0,0,0,388.563442875904,197.024432094445,0,155.0398034649,0,0,0,0,0,0,0,163.47557487399,2424996.82022307
46660,3276.67709044259,0,0,0,387.529936101613,203.387659167171,0,161.626335303769,0,0,0,0,0,0,0,165.159135649031,2416137.75929327
46691,3269.52171604073,0,0,0,386.535694007877,209.912572866804,0,168.21454379008,0,0,0,0,0,0,0,166.831240768284,2407649.26453804
46721,3262.97863475578,0,0,0,385.583330837731,216.598755312105,0,174.808233450392,0,0,0,0,0,0,0,168.489059725084,2399537.97809981
46752,3252.90484792292,0,0,0,384.675588834859,175.297330389154,0,181.380081357548,0,0,0,0,0,0,0,172.808737621354,2389495.24070364
46783,3241.26013431939,0,0,0,383.792702020723,156.555119103231,0,187.908756564234,0,0,0,0,0,0,0,175.634710805142,2378611.64390514
46812,3234.51473660066,0,0,0,382.934681491588,212.784257132522,0,194.423564326724,0,0,0,0,0,0,0,174.172663032936,2370491.56117511
46843,3228.38947309917,0,0,0,382.101141527777,219.480826166221,0,200.943228897488,0,0,0,0,0,0,0,175.679663875692,2362751.27361802
46873,3225.20632054793,0,0,0,381.261800849087,253.080659452088,0,207.482150924235,0,0,0,0,0,0,0,175.689498833624,2356684.28636076
46904,3222.70120534793,0,0,0,380.414608314537,260.469908529149,0,214.04852094801,0,0,0,0,0,0,0,177.276266182084,2351029.40231699
46934,3220.89110653728,0,0,0,379.5575970594,267.985274672328,0,220.641416984577,0,0,0,0,0,0,0,178.853220809272,2345796.05278254
46965,3211.7532582838,0,0,0,378.688792653724,182.964668072573,0,227.225058726375,0,0,0,0,0,0,0,183.875074042021,2336602.11514051
46996,3203.17379441021,0,0,0,377.806360344677,188.882623692237,0,233.778081648197,0,0,0,0,0,0,0,185.258244449871,2327753.89496106
47026,3195.16566272098,0,0,0,376.915056874053,194.970363386254,0,240.317229853147,0,0,0,0,0,0,0,186.6281876637,2319258.06126835
47057,3187.73697759143,0,0,0,376.016736513039,201.213655920131,0,246.852332777977,0,0,0,0,0,0,0,187.992195036518,2311118.97135801
47087,3180.89789199228,0,0,0,375.102501711072,207.610946840229,0,253.392518894293,0,0,0,0,0,0,0,189.348917837633,2303342.98638124
47118,3170.68782174974,0,0,0,374.170180851182,168.022495122359,0,259.918566875842,0,0,0,0,0,0,0,193.655343616372,2293702.58810189
47149,3158.98060136228,0,0,0,373.213960899436,150.054916761132,0,266.413188639064,0,0,0,0,0,0,0,196.319850596555,2283250.09753643
47177,3151.96150060752,0,0,0,372.231601987956,203.935482469084,0,272.910276804188,0,0,0,0,0,0,0,194.255828377915,2275463.18754122
47208,3145.53932110918,0,0,0,371.220471743349,210.346165586767,0,279.430195944202,0,0,0,0,0,0,0,195.487555973457,2268041.73153015
47238,3141.93360519635,0,0,0,370.241372108119,242.541215782924,0,285.991831678986,0,0,0,0,0,0,0,195.071438572372,2262233.72081265
47269,3138.97971173324,0,0,0,369.299218986399,249.620018884789,0,292.606487480932,0,0,0,0,0,0,0,196.405543379838,2256822.19427353
47299,3136.69351008536,0,0,0,368.395198919422,256.81790955159,0,299.277694508387,0,0,0,0,0,0,0,197.735751634859,2251816.16707887
47330,3127.51592496332,0,0,0,367.530579981931,176.083130205454,0,305.972572264736,0,0,0,0,0,0,0,203.092871995628,2242988.73064381
47361,3118.87755351252,0,0,0,366.706991507244,181.76752796326,0,312.678459153823,0,0,0,0,0,0,0,204.197835008357,2234493.94610559
47391,3110.79107403699,0,0,0,365.920882788997,187.616221186633,0,319.397038759116,0,0,0,0,0,0,0,205.294050269002,2226338.28982658
47422,3103.26452094412,0,0,0,365.169965119313,193.61488767984,0,326.134509844296,0,0,0,0,0,0,0,206.388476041547,2218526.0028047
47452,3096.30750571571,0,0,0,364.459963554115,199.761625128468,0,332.897585765557,0,0,0,0,0,0,0,207.478688744878,2211063.26548558
47483,3086.10865146447,0,0,0,363.793170216641,161.669625623091,0,339.66263329439,0,0,0,0,0,0,0,211.780506868687,2201800.67205138
47514,3074.47178388213,0,0,0,363.173886669345,144.378719381586,0,346.408880165654,0,0,0,0,0,0,0,214.296247555652,2191753.80634186
47542,3067.34951172738,0,0,0,362.597277062081,196.209855165981,0,353.171928458756,0,0,0,0,0,0,0,211.667793704479,2184278.56386395
47573,3060.8042865316,0,0,0,362.064415197843,202.371254750981,0,359.970906530596,0,0,0,0,0,0,0,212.630771645264,2177155.28487505
47603,3056.97209188802,0,0,0,361.54685902322,233.340403502047,0,366.820347918564,0,0,0,0,0,0,0,211.806485379691,2171588.27155401
47634,3053.76975544559,0,0,0,361.038698546721,240.148638470054,0,373.728340086304,0,0,0,0,0,0,0,212.894176705947,2166403.18920019
47664,3051.21242717857,0,0,0,360.539429429147,247.069598643529,0,380.694476787809,0,0,0,0,0,0,0,213.983892376722,2161608.73775478
47695,3042.05115420939,0,0,0,360.050160731063,169.307566526875,0,387.682337428836,0,0,0,0,0,0,0,219.68812031732,2153126.90123947
47726,3033.41211916125,0,0,0,359.571572651198,174.772659327797,0,394.676226431968,0,0,0,0,0,0,0,220.520357854904,2144965.59049507
47756,3025.30758429904,0,0,0,359.101631828745,180.395977403231,0,401.691175144711,0,0,0,0,0,0,0,221.348212741361,2137131.04553324
47787,3017.74508446992,0,0,0,358.639845424434,186.164139255868,0,408.733839569543,0,0,0,0,0,0,0,222.178388601712,2129627.34517238
47817,3010.73361731603,0,0,0,358.184736401502,192.075010683704,0,415.809067122015,0,0,0,0,0,0,0,223.009161458296,2122460.44668245
47848,3000.59953895503,0,0,0,357.735755741022,155.448476566884,0,422.890289299634,0,0,0,0,0,0,0,227.286345977799,2113556.10980575
47879,2989.08188545571,0,0,0,357.29254694466,138.82150057036,0,429.955541878744,0,0,0,0,0,0,0,229.653346871633,2103894.52564365
47907,2981.91834890164,0,0,0,356.864467843274,188.660970791958,0,437.042698118743,0,0,0,0,0,0,0,226.511394160609,2096714.30516616
47938,2975.31325710012,0,0,0,356.433333656571,194.584314322266,0,444.170496375817,0,0,0,0,0,0,0,227.229107711907,2089873.20422009
47968,2971.32541525631,0,0,0,355.998215131109,224.363986841538,0,451.354419743481,0,0,0,0,0,0,0,226.036335380899,2084533.41364122
47999,2967.94665949682,0,0,0,355.557977981762,230.912276436973,0,458.602348772882,0,0,0,0,0,0,0,226.898887408452,2079561.58539949
48029,2965.19148109092,0,0,0,355.11167659392,237.567714534042,0,465.913886402837,0,0,0,0,0,0,0,227.768645535444,2074966.07068814
48060,2956.3703757542,0,0,0,354.658319144485,163.671562918758,0,473.248140336361,0,0,0,0,0,0,0,233.714117962322,2066812.07389916
48091,2948.06064757689,0,0,0,354.201260147088,168.945699163048,0,480.590087168138,0,0,0,0,0,0,0,234.322256919809,2058966.99850219
48121,2940.27437520827,0,0,0,353.741750712062,174.372487936132,0,487.964751862908,0,0,0,0,0,0,0,234.930159989947,2051436.85602765
48152,2933.01879499311,0,0,0,353.274642312643,179.938926850655,0,495.378247704347,0,0,0,0,0,0,0,235.544799809879,2044225.56807321
48182,2926.30269261856,0,0,0,352.798923070806,185.643879849025,0,502.834338192782,0,0,0,0,0,0,0,236.164611240796,2037338.87604051
48213,2916.51668653519,0,0,0,352.311238269866,150.244930165365,0,510.303956449009,0,0,0,0,0,0,0,240.452814113464,2028774.93890397
48244,2905.36968313947,0,0,0,351.810631604807,134.172273183954,0,517.764167857829,0,0,0,0,0,0,0,242.707999459261,2019479.85886569
48273,2898.49921226652,0,0,0,351.296049870983,182.327605962571,0,525.252850365094,0,0,0,0,0,0,0,239.108321974562,2012579.27702898
48304,2892.17566081346,0,0,0,350.791210740378,188.044943372653,0,532.787492907652,0,0,0,0,0,0,0,239.624539751741,2006005.51348028
48334,2888.4218699689,0,0,0,350.295765101779,216.816634797078,0,540.387150624324,0,0,0,0,0,0,0,238.112239447071,2000880.19535034
48365,2885.26462494079,0,0,0,349.809513573759,223.14127292907,0,548.059945408118,0,0,0,0,0,0,0,238.792218542894,1996109.45091524
48395,2882.71806883932,0,0,0,349.332350475202,229.567976571404,0,555.806740294184,0,0,0,0,0,0,0,239.482722694611,1991701.29448868
48426,2873.9913501483,0,0,0,348.864159042432,157.069968148992,0,563.5813616826,0,0,0,0,0,0,0,245.821640151909,1983858.63233736
48457,2865.76068116422,0,0,0,348.405210565011,162.141257253365,0,571.388879448328,0,0,0,0,0,0,0,246.188851586951,1976313.72212679
48487,2858.03777630901,0,0,0,347.955483737856,167.359257109788,0,579.230087104678,0,0,0,0,0,0,0,246.557788068683,1969072.35224543
48518,2850.83004095047,0,0,0,347.514870181543,172.712354434454,0,587.108924175941,0,0,0,0,0,0,0,246.934985473821,1962138.2896461
48548,2844.14576846503,0,0,0,347.083247385885,178.199658552548,0,595.029495688246,0,0,0,0,0,0,0,247.318907725733,1955517.06470764
48579,2834.48901772192,0,0,0,346.66055296991,144.219219815357,0,602.961762961821,0,0,0,0,0,0,0,251.545514775995,1947276.62619494
48610,2823.51543021713,0,0,0,346.246897137226,128.790820190855,0,610.878341187709,0,0,0,0,0,0,0,253.639982677183,1938330.22677159
48638,2816.68562075977,0,0,0,345.842349435536,175.035982320092,0,618.819838451481,0,0,0,0,0,0,0,249.601218639768,1931694.60911909
48669,2810.38659293219,0,0,0,345.461291786568,180.529966709687,0,626.810303894284,0,0,0,0,0,0,0,249.880811205648,1925373.95567571
48699,2806.57764670279,0,0,0,345.10466047771,208.162750177124,0,634.868281404998,0,0,0,0,0,0,0,248.037066631033,1920450.78669449
48730,2803.34724190093,0,0,0,344.77290242315,214.242196605955,0,643.004068914625,0,0,0,0,0,0,0,248.493352249749,1915869.27442771
48760,2800.70899114051,0,0,0,344.466646542706,220.418742528486,0,651.217104526448,0,0,0,0,0,0,0,248.962087092564,1911637.10554305
48791,2791.98527919051,0,0,0,344.186521280069,151.413293893422,0,659.465080907123,0,0,0,0,0,0,0,255.401676066895,1904089.70880855
48822,2783.74179431185,0,0,0,343.930127023858,156.299591882306,0,667.722215615067,0,0,0,0,0,0,0,255.498757786711,1896829.25770087
48852,2775.98996342569,0,0,0,343.696279678541,161.326322193389,0,676.006743277339,0,0,0,0,0,0,0,255.598924123025,1889861.32640765
48883,2768.73660285119,0,0,0,343.48907783784,166.482387578521,0,684.327540714017,0,0,0,0,0,0,0,255.70781859687,1883189.53353529
48913,2761.98923249307,0,0,0,343.309167911998,171.76745785413,0,692.691221768918,0,0,0,0,0,0,0,255.823702546781,1876819.20678812
48944,2752.38488080526,0,0,0,343.163988910558,139.015961097635,0,701.065729232779,0,0,0,0,0,0,0,259.950285180682,1868885.6234303
48975,2741.5166936744,0,0,0,343.056332247693,124.144109790378,0,709.42392194615,0,0,0,0,0,0,0,261.850298370596,1860270.37060181
49003,2734.63776269827,0,0,0,342.987449387052,168.709500204135,0,717.810316464631,0,0,0,0,0,0,0,257.345892347788,1853885.1464345
49034,2728.2719892081,0,0,0,342.937500784431,173.99967994543,0,726.247597861567,0,0,0,0,0,0,0,257.353341102214,1847803.43557615
49064,2724.30415598032,0,0,0,342.906737358375,200.626955288527,0,734.756269929036,0,0,0,0,0,0,0,255.145909706998,1843070.03091397
49095,2720.89518839094,0,0,0,342.894142713431,206.483111579636,0,743.346282462015,0,0,0,0,0,0,0,255.342133343392,1838665.79350991
49125,2718.05793071963,0,0,0,342.899030031066,212.430959944819,0,752.017603042561,0,0,0,0,0,0,0,255.553899448895,1834598.09481659
49156,2710.23498102724,0,0,0,342.922651171786,145.980686618612,0,760.453431958174,0,0,0,0,0,0,0,262.209256915786,1827330.17869939
49187,2702.89313704046,0,0,0,342.966018103079,150.688425962658,0,768.633763196061,0,0,0,0,0,0,0,262.111794266405,1820339.02116097
49217,2696.04388819285,0,0,0,343.029989644464,155.5314324487,0,776.57556467225,0,0,0,0,0,0,0,262.009037170601,1813629.9880697
49248,2689.69426926362,0,0,0,343.11507651408,160.500010868543,0,784.285292529905,0,0,0,0,0,0,0,261.907153093501,1807206.55324092
49278,2683.85229015731,0,0,0,343.221616530137,165.594559345062,0,791.764839397546,0,0,0,0,0,0,0,261.80472157061,1801073.84746145
49309,2675.08343592396,0,0,0,343.3430514589,134.01971116629,0,799.035396414046,0,0,0,0,0,0,0,265.835120508333,1793432.10751283
49340,2665.01466379228,0,0,0,343.477628012065,119.679472007482,0,806.096809354391,0,0,0,0,0,0,0,267.541583308604,1785132.34036458
49368,2659.01100601604,0,0,0,343.625507576566,162.642512878439,0,812.870988945202,0,0,0,0,0,0,0,262.626031471142,1778984.87793711
49399,2653.52225802104,0,0,0,343.678184286779,167.740566659596,0,819.37365236089,0,0,0,0,0,0,0,262.400647094803,1773130.09823411
49429,2650.47347245044,0,0,0,343.631820220315,193.411486405843,0,825.586487231639,0,0,0,0,0,0,0,259.897714777929,1768576.39200569
49460,2647.98635368698,0,0,0,343.482242205328,199.058637431356,0,831.513793926311,0,0,0,0,0,0,0,259.896742367201,1764340.03327645
49490,2646.07419971141,0,0,0,343.225275073809,204.794093794347,0,837.149020760797,0,0,0,0,0,0,0,259.920729767193,1760428.08892886
49521,2615.17956072687,0,0,0,341.593335232879,140.633647515886,0,825.065531986884,0,0,0,0,0,0,0,264.060948675421,1741016.3488296
49552,2584.31988889853,0,0,0,339.840917010763,145.172705237326,0,812.341948880229,0,0,0,0,0,0,0,261.049221864894,1721638.36686203
49582,2553.48878678672,0,0,0,337.976257963021,149.84136573315,0,798.964472220603,0,0,0,0,0,0,0,258.012598649847,1702290.69292158
49613,2522.67569658587,0,0,0,335.968842457284,154.630378806748,0,784.923957156332,0,0,0,0,0,0,0,254.958276778253,1682968.12964192
49643,2491.87773911693,0,0,0,333.813364858066,159.542177640424,0,770.190280232679,0,0,0,0,0,0,0,251.884749402603,1663666.77297085
49674,2463.07188308102,0,0,0,331.781835206288,129.123436517335,0,758.809468427909,0,0,0,0,0,0,0,253.643166513789,1645502.30437111
49705,2435.32126000151,0,0,0,329.733450728005,115.307181384218,0,748.889633306596,0,0,0,0,0,0,0,253.296951656227,1627946.37949712
49734,2405.51621607901,0,0,0,327.209444235538,156.701219852645,0,734.200695215428,0,0,0,0,0,0,0,245.491051456978,1609247.38113894
49765,2375.71740718808,0,0,0,324.655058296836,161.612254354585,0,718.959338278622,0,0,0,0,0,0,0,242.471898606047,1590564.41781711
49795,2344.7971283257,0,0,0,322.144467531122,186.345285300193,0,700.892757219615,0,0,0,0,0,0,0,236.692562392285,1571264.19363146
49826,2313.84322336295,0,0,0,319.84565011447,191.787459460126,0,682.19908262159,0,0,0,0,0,0,0,233.402188980169,1551958.89726323
49856,2282.84961977418,0,0,0,317.767795552999,197.313131366444,0,662.853590998895,0,0,0,0,0,0,0,230.042689975302,1532643.55524905
49887,2258.27762252371,0,0,0,316.439287800368,135.208274055215,0,654.093707253272,0,0,0,0,0,0,0,234.962871634033,1521082.61079081
49918,2233.76864845948,0,0,0,315.351446846405,139.573795783316,0,644.999429417127,0,0,0,0,0,0,0,232.335071441386,1509647.53575673
49948,2209.31862218109,0,0,0,314.459572711825,144.064217119475,0,635.568549376449,0,0,0,0,0,0,0,229.656212040178,1498339.05560781
49979,2184.91941791706,0,0,0,313.743864238125,148.670668889282,0,625.80559867048,0,0,0,0,0,0,0,226.932062384247,1487156.1666584
50009,2160.57068639783,0,0,0,313.269347897744,153.396568363495,0,615.693146735824,0,0,0,0,0,0,0,224.152378653608,1476099.29341952
50040,2137.56054843248,0,0,0,313.334968875487,124.149298763985,0,608.327991588841,0,0,0,0,0,0,0,226.18887702319,1464948.49266058
50071,2115.27795372486,0,0,0,313.851130408287,110.864161679106,0,602.25080915202,0,0,0,0,0,0,0,225.974560182168,1453807.22697716
50099,2091.69192720848,0,0,0,314.222340182983,150.669608668141,0,592.645095625115,0,0,0,0,0,0,0,218.186412674341,1443014.29316374
50130,2068.15020427119,0,0,0,314.728379128711,155.391993063466,0,582.63702660547,0,0,0,0,0,0,0,215.293724055416,1432345.92996496
50160,2043.913641335,0,0,0,314.878522466407,179.176260259091,0,570.492712848042,0,0,0,0,0,0,0,209.688254490698,1421921.4024813
50191,2019.6932699679,0,0,0,314.818718532765,184.412126968866,0,557.898432496223,0,0,0,0,0,0,0,206.69906300532,1411621.95929888
50221,1995.4861660823,0,0,0,314.53815041805,189.727136854342,0,544.832983559194,0,0,0,0,0,0,0,203.710614682476,1401448.26294452
50252,1990.07219875474,0,0,0,315.733465790575,128.528683007887,0,545.776539048524,0,0,0,0,0,0,0,211.106270424781,1395013.1188374
50283,1985.01029170774,0,0,0,316.806098959284,132.695740671442,0,546.586261970943,0,0,0,0,0,0,0,210.560736087521,1388769.8402059
50313,1980.30740250782,0,0,0,317.712364108628,136.981605576601,0,547.273354382713,0,0,0,0,0,0,0,210.05712799496,1382720.81756481
50344,1975.96929477723,0,0,0,318.43854381501,141.378204744801,0,547.849210984835,0,0,0,0,0,0,0,209.602111234155,1376868.96529401
50374,1972.0021102578,0,0,0,318.954548466307,145.88878437561,0,548.313042087373,0,0,0,0,0,0,0,209.197987695156,1371216.47370432
50405,1965.90108175468,0,0,0,319.267128086188,118.072139528231,0,549.665905968283,0,0,0,0,0,0,0,213.286987736113,1364626.52674912
50436,1958.85051129395,0,0,0,319.355805595561,105.439527907979,0,551.411516922636,0,0,0,0,0,0,0,214.971732140732,1357635.62877632
50464,1954.76140225997,0,0,0,319.406901297651,143.326282048121,0,551.99221161406,0,0,0,0,0,0,0,209.581348865835,1352019.22647714
50495,1951.04915156151,0,0,0,319.467249901268,147.82672935948,0,552.469922201316,0,0,0,0,0,0,0,209.198365799824,1346603.61527227
50525,1949.11760845689,0,0,0,319.52591738088,170.466307215358,0,552.292641872427,0,0,0,0,0,0,0,206.373450137116,1342026.93241071
50556,1947.59581382441,0,0,0,319.593597734631,175.455761216635,0,552.011388644365,0,0,0,0,0,0,0,206.221101963688,1337665.932262
50586,1946.49677526803,0,0,0,319.670475585811,180.518857049824,0,551.626240309418,0,0,0,0,0,0,0,206.102169179644,1333526.50991218
50617,1942.80005695278,0,0,0,319.877084858588,121.38742010461,0,557.285822248223,0,0,0,0,0,0,0,213.941959273525,1328567.63975746
50648,1939.4762591481,0,0,0,320.095081670355,125.340049054971,0,562.948846330085,0,0,0,0,0,0,0,213.53091091912,1323812.99603935
50678,1936.5347571188,0,0,0,320.325589672408,129.403705677889,0,568.626778250015,0,0,0,0,0,0,0,213.13846621518,1319266.7546648
50709,1933.98112358498,0,0,0,320.568912130233,133.571025796503,0,574.328147264267,0,0,0,0,0,0,0,212.769246327569,1314931.53636547
50739,1931.8239425777,0,0,0,320.825801112795,137.845127420093,0,580.058405828742,0,0,0,0,0,0,0,212.421672858907,1310811.3115781
50770,1927.24603480377,0,0,0,321.096560507102,111.56461223798,0,585.798747304512,0,0,0,0,0,0,0,216.493414992106,1305550.95262158
50801,1921.58069630079,0,0,0,321.381766881231,99.6324048941956,0,591.529358311555,0,0,0,0,0,0,0,218.114059271432,1299791.13234192
50829,1919.22610832232,0,0,0,321.675845413704,135.447792516805,0,597.277699738369,0,0,0,0,0,0,0,212.703943008226,1295647.70079253
50860,1917.274322994,0,0,0,321.97774415662,139.705781861521,0,603.061014365489,0,0,0,0,0,0,0,212.294037975996,1291720.9734735
50890,1917.30247859217,0,0,0,322.287406867328,161.107646403729,0,608.893820411841,0,0,0,0,0,0,0,209.465032443392,1288770.07965664
50921,1917.7716815716,0,0,0,322.604629538412,165.826675766939,0,614.78459618673,0,0,0,0,0,0,0,209.304095820229,1286054.6336327
50951,1918.69442476988,0,0,0,322.929393046907,170.61302460482,0,620.733579736158,0,0,0,0,0,0,0,209.176146212676,1283580.05090035
50982,1915.24268501375,0,0,0,323.261668457004,115.769299977254,0,626.7038762023,0,0,0,0,0,0,0,216.79533271321,1278799.41811059
51013,1912.16407219816,0,0,0,323.601824318981,119.527877645039,0,632.671602978665,0,0,0,0,0,0,0,216.278710167529,1274216.35237057
51043,1909.46800058062,0,0,0,323.949852083705,123.391889398573,0,638.636526294959,0,0,0,0,0,0,0,215.785910387743,1269834.8904831
51074,1907.16031996399,0,0,0,324.305761265842,127.354622466616,0,644.606819002112,0,0,0,0,0,0,0,215.321453570753,1265657.56015222
51104,1905.24965291354,0,0,0,324.669525594157,131.418841952367,0,650.587951975576,0,0,0,0,0,0,0,214.884099343786,1261688.20346888
51135,1900.89869282517,0,0,0,325.041083877238,106.365082799455,0,656.561323561277,0,0,0,0,0,0,0,218.860575707126,1256613.57736885
51166,1895.45040360368,0,0,0,325.420759270041,94.9867417310846,0,662.508838651482,0,0,0,0,0,0,0,220.369561547248,1251054.64485016
51195,1893.33462397025,0,0,0,325.740123931709,129.11285135923,0,668.461276267643,0,0,0,0,0,0,0,214.865192186826,1247061.92273499
51226,1891.62217456079,0,0,0,325.996215064621,133.163564702558,0,674.435189969809,0,0,0,0,0,0,0,214.39432286869,1243278.80775206
51256,1891.90157578355,0,0,0,326.186323843291,153.554499464401,0,680.442626556489,0,0,0,0,0,0,0,211.526374209279,1240440.97558727
51287,1892.6229143274,0,0,0,326.307453149964,158.047462345595,0,686.49120215881,0,0,0,0,0,0,0,211.352845158571,1237830.86040366
51317,1893.7986330236,0,0,0,326.356693445467,162.603640980571,0,692.580207762806,0,0,0,0,0,0,0,211.230599379352,1235453.6655045
51348,1889.69287504071,0,0,0,324.864069445743,108.593210903365,0,696.631682313295,0,0,0,0,0,0,0,219.445540003149,1229572.17838094
51379,1885.9442741151,0,0,0,323.282104808727,112.135651600473,0,700.629792015247,0,0,0,0,0,0,0,219.160011201444,1223858.15046796
51409,1882.561336721,0,0,0,321.590473286686,115.777533566342,0,704.581864323389,0,0,0,0,0,0,0,218.923375766565,1218313.43762762
51440,1879.54934480954,0,0,0,319.785038999777,119.513232063003,0,708.494219642365,0,0,0,0,0,0,0,218.740818843622,1212940.60566315
51470,1876.91626428041,0,0,0,317.85326016868,123.345565591379,0,712.367117151423,0,0,0,0,0,0,0,218.613640469568,1207741.39746238
51501,1872.00538916044,0,0,0,316.132012145845,99.8293117890783,0,716.651440402035,0,0,0,0,0,0,0,222.782072524903,1201735.77353124
51532,1866.07417305001,0,0,0,314.458503368718,89.1512253601948,0,721.10522757282,0,0,0,0,0,0,0,224.502777222811,1195386.44417767
51560,1863.27024311541,0,0,0,312.393153422804,121.213966381181,0,725.025287169394,0,0,0,0,0,0,0,219.401930585748,1190224.20870822
51591,1860.85119254674,0,0,0,310.286524163662,125.026855962232,0,728.913577549609,0,0,0,0,0,0,0,219.270198953799,1185236.79032183
51621,1860.30428973623,0,0,0,307.946349331272,144.188148861366,0,732.520005407152,0,0,0,0,0,0,0,216.828057999166,1180974.46117337
51652,1860.17778738223,0,0,0,305.557629687744,148.417527312755,0,736.104292023608,0,0,0,0,0,0,0,217.049253367276,1176899.40308931
51682,1860.48378615191,0,0,0,303.119135128252,152.705574740218,0,739.665639247058,0,0,0,0,0,0,0,217.327642126929,1173016.80923368
51713,1856.95883912027,0,0,0,302.708013541353,101.394291629706,0,746.059059216427,0,0,0,0,0,0,0,225.291867019572,1168655.42202877
51744,1853.7952436534,0,0,0,302.296245380713,104.716055763877,0,752.468586679165,0,0,0,0,0,0,0,224.698339108432,1164476.69845917
51774,1851.00204150144,0,0,0,301.88379644313,108.129248174348,0,758.931422563417,0,0,0,0,0,0,0,224.130284647083,1160484.33208702
51805,1848.58393089909,0,0,0,301.470631355567,111.628759005694,0,765.454449198792,0,0,0,0,0,0,0,223.591719998858,1156680.69260442
51835,1846.54937086592,0,0,0,301.056713882111,115.218182716115,0,772.040205946952,0,0,0,0,0,0,0,223.081927597775,1153069.3021975
51866,1842.15581150955,0,0,0,300.642005456074,93.2542749866721,0,778.660080968438,0,0,0,0,0,0,0,226.785610280868,1148429.76422529
51897,1836.70191193027,0,0,0,300.226779877003,83.2831368462957,0,785.291062221023,0,0,0,0,0,0,0,228.0901815666,1143339.29089001
51925,1834.46959496718,0,0,0,299.81116650469,113.244660984609,0,791.966897655313,0,0,0,0,0,0,0,222.673448196663,1139703.59984677
51956,1832.62724691912,0,0,0,299.394806492786,116.810002008977,0,798.701514204299,0,0,0,0,0,0,0,222.106940792186,1136261.67351503
51986,1832.71008144664,0,0,0,298.977662470816,134.714979206907,0,805.517246726258,0,0,0,0,0,0,0,219.247298824524,1133697.2694727
52017,1833.21961633207,0,0,0,298.55952112623,138.668320930558,0,812.422619891053,0,0,0,0,0,0,0,218.979055796943,1131343.33968055
52047,1834.1678560883,0,0,0,298.140338485348,142.674503695301,0,819.420071163149,0,0,0,0,0,0,0,218.75263040513,1129204.70600986
52078,1831.04815711927,0,0,0,297.720067634968,97.5401100417548,0,826.412391007133,0,0,0,0,0,0,0,225.969177636395,1124989.61451911
52109,1828.29353434788,0,0,0,297.299110022009,100.701633338396,0,833.389549942216,0,0,0,0,0,0,0,225.290203282015,1120951.39815182
52139,1825.91327930116,0,0,0,296.877429188817,103.951083791314,0,840.35405298565,0,0,0,0,0,0,0,224.641327174538,1117093.62684802
52170,1823.91312333704,0,0,0,296.454987375594,107.283152998296,0,847.312799466024,0,0,0,0,0,0,0,224.026687122367,1113418.5828662
52200,1822.30155936401,0,0,0,296.031745869631,110.70139480493,0,854.270450456728,0,0,0,0,0,0,0,223.445414554812,1109929.67413342
52231,1818.27204482541,0,0,0,295.607663515176,89.6003304672001,0,861.209974657709,0,0,0,0,0,0,0,227.057297428348,1105443.74858926
52262,1813.15365896887,0,0,0,295.183033997549,80.013590129066,0,868.113295392204,0,0,0,0,0,0,0,228.251478327027,1100520.50341293
52290,1811.32866515891,0,0,0,294.757996135216,108.747021488602,0,875.004023811274,0,0,0,0,0,0,0,222.748972108,1097007.55844825
52321,1809.89874472894,0,0,0,294.332165399037,112.150759003935,0,881.896415760366,0,0,0,0,0,0,0,222.11220483356,1093682.19040502
52351,1810.4353036275,0,0,0,293.905501900741,129.317636116073,0,888.806582046191,0,0,0,0,0,0,0,219.199901946935,1091207.29335776
52382,1811.40464808142,0,0,0,293.477777116856,133.099209316658,0,895.743566246762,0,0,0,0,0,0,0,218.888917093344,1088936.10804128
52412,1812.81891793474,0,0,0,293.048944171132,136.930788446347,0,902.70914608474,0,0,0,0,0,0,0,218.624739021065,1086873.26155357
52443,1802.68617007062,0,0,0,291.314564948898,91.3807040712286,0,903.79812123879,0,0,0,0,0,0,0,225.359330745532,1080843.99792891
52474,1792.78400555745,0,0,0,289.545848399518,94.3603281830514,0,904.725714481175,0,0,0,0,0,0,0,223.701226136441,1074949.24115632
52504,1783.11679244405,0,0,0,287.741703956548,97.4236195596839,0,905.494568802379,0,0,0,0,0,0,0,222.07037198439,1069191.08349892
52535,1773.68536221546,0,0,0,285.901042557871,100.566896080999,0,906.108595599952,0,0,0,0,0,0,0,220.469731945113,1063570.37788516
52565,1764.49281397696,0,0,0,284.022734896894,103.792733454712,0,906.565483221289,0,0,0,0,0,0,0,218.898230713838,1058089.02679312
52596,1754.36362503252,0,0,0,282.406402745406,84.0055479611489,0,908.201283074804,0,0,0,0,0,0,0,221.583807069209,1052048.89621028
52627,1743.8554564865,0,0,0,280.912417749216,75.0171554993085,0,910.366322993119,0,0,0,0,0,0,0,221.984379019101,1045780.31349694
52656,1734.79873871538,0,0,0,279.055747473496,101.998963554314,0,910.973738243071,0,0,0,0,0,0,0,215.666114594825,1040372.10540021
52687,1725.98339331709,0,0,0,277.141753044276,105.203891692251,0,911.427400350657,0,0,0,0,0,0,0,214.107458179949,1035103.51782159
52717,1718.06265349648,0,0,0,275.000740859432,121.329632578441,0,910.984639965754,0,0,0,0,0,0,0,210.232445089531,1030364.40648216
52748,1710.39524635532,0,0,0,272.794611757708,124.891994426412,0,910.388769322261,0,0,0,0,0,0,0,208.900265610819,1025773.42166472
52778,1702.986466663,0,0,0,270.521212933605,128.500899531295,0,909.634333990311,0,0,0,0,0,0,0,207.612023505273,1021333.15067729
52809,1699.65718395681,0,0,0,269.84379399819,85.8277806095161,0,915.130545841943,0,0,0,0,0,0,0,215.060554442252,1017066.94197454
52840,1696.66113814312,0,0,0,269.145461576636,88.6344296278381,0,920.573053976495,0,0,0,0,0,0,0,214.286905622344,1012954.44736894
52870,1694.00600632608,0,0,0,268.421466709163,91.5174846739427,0,925.955647342401,0,0,0,0,0,0,0,213.55382157472,1008998.1668094
52901,1691.69755518609,0,0,0,267.670692292102,94.4746953293811,0,931.282561934758,0,0,0,0,0,0,0,212.865307469071,1005200.26879198
52931,1689.74273163128,0,0,0,266.889943137168,97.5074524428012,0,936.553759934893,0,0,0,0,0,0,0,212.221959558462,1001563.11411945
52962,1685.61768382375,0,0,0,266.116912573438,78.9222963476472,0,942.164728533301,0,0,0,0,0,0,0,215.547302447279,997103.807325535
52993,1680.51756345584,0,0,0,265.332843528749,70.4804193722583,0,947.900247274741,0,0,0,0,0,0,0,216.550672440023,992287.133563854
53021,1678.38380779008,0,0,0,264.500459706876,95.8275894091521,0,953.140507320512,0,0,0,0,0,0,0,211.217333161778,988648.322904796
53052,1676.60987765681,0,0,0,263.661698684798,98.8368355564588,0,958.327683533971,0,0,0,0,0,0,0,210.54458189852,985171.436040066
53082,1676.60970571051,0,0,0,262.795008549127,113.984756840997,0,963.247546538041,0,0,0,0,0,0,0,207.734450834107,982407.72128228
53113,1677.00249040531,0,0,0,261.920887945683,117.329392705019,0,968.13115660032,0,0,0,0,0,0,0,207.420365668922,979818.885010131
53143,1677.80005477756,0,0,0,261.039325311985,120.715719666957,0,972.979712127444,0,0,0,0,0,0,0,207.161589901548,977409.239661186
53174,1667.7291758747,0,0,0,259.133780929141,79.1826298998431,0,969.677420720197,0,0,0,0,0,0,0,214.089838564274,968682.148211261
53205,1657.86074019099,0,0,0,257.195742972547,81.7881146324062,0,966.036242841351,0,0,0,0,0,0,0,212.658513811685,960015.70653361
53235,1648.19818713719,0,0,0,255.224227002662,84.4639900601761,0,962.056760514961,0,0,0,0,0,0,0,211.276315212719,951409.540980355
53266,1638.74186563827,0,0,0,253.21824342478,87.2092079544295,0,957.739202744401,0,0,0,0,0,0,0,209.945668175835,942862.158986002
53296,1629.49397700963,0,0,0,251.176764244822,90.024923449697,0,953.074147487314,0,0,0,0,0,0,0,208.666589507621,934372.949160134
53327,1619.50892292969,0,0,0,249.387357881693,72.8659048871377,0,950.483426623962,0,0,0,0,0,0,0,211.294260047541,926057.428610533
53358,1609.2357584689,0,0,0,247.715783178785,65.0732093672965,0,948.819126248204,0,0,0,0,0,0,0,211.74818307844,917861.081606142
53386,1600.14591926204,0,0,0,245.712743254943,88.5026015014234,0,944.305218341756,0,0,0,0,0,0,0,206.03439109113,909599.891200893
53417,1591.26667134447,0,0,0,243.673910968725,91.2897219694492,0,939.451182946327,0,0,0,0,0,0,0,204.803023065001,901395.246324623
53447,1583.12243596607,0,0,0,241.437236328963,105.294419030068,0,932.902828436493,0,0,0,0,0,0,0,201.480410412248,893179.069578796
53478,1575.19717826172,0,0,0,239.158947214888,108.392726846548,0,925.986583834092,0,0,0,0,0,0,0,200.564168075298,885015.273735494
53508,1567.49543206947,0,0,0,236.837697432489,111.528433685875,0,918.688836795123,0,0,0,0,0,0,0,199.713457071615,876903.065708349
53539,1565.23542511079,0,0,0,236.227675714574,74.8707853132323,0,925.867326247797,0,0,0,0,0,0,0,206.550617604971,873662.673559346
53570,1563.29978650656,0,0,0,235.616464621342,77.317683397632,0,933.044345546488,0,0,0,0,0,0,0,205.709356800836,870562.346814298
53600,1561.69665064737,0,0,0,235.004020563149,79.830015346119,0,940.213209444633,0,0,0,0,0,0,0,204.914628408279,867604.973218849
53631,1560.43158496416,0,0,0,234.390310116522,82.4071412827061,0,947.381360336094,0,0,0,0,0,0,0,204.169013602414,864792.320319244
53661,1559.51203978782,0,0,0,233.7753429105,85.0500835542994,0,954.556001175604,0,0,0,0,0,0,0,203.472058349748,862127.139929575
53692,1556.41431399364,0,0,0,233.159096753754,68.8420193855496,0,961.71292163006,0,0,0,0,0,0,0,206.470996583231,858663.964547074
53723,1552.33368811507,0,0,0,232.541873011887,61.4769997549321,0,968.832759873111,0,0,0,0,0,0,0,207.279196560901,854850.276655764
53751,1551.21089846104,0,0,0,231.923819819083,83.5790932125981,0,975.955181822081,0,0,0,0,0,0,0,202.183471336758,852162.550714706
53782,1550.43944571579,0,0,0,231.30460646182,86.1983515710069,0,983.096080175417,0,0,0,0,0,0,0,201.470481133569,849623.464949169
53812,1551.43248930609,0,0,0,230.684039439982,99.4066679094584,0,990.273478046699,0,0,0,0,0,0,0,198.778777715951,847762.641781787
53843,1552.81040600589,0,0,0,230.061906044652,102.322615519654,0,997.4954735004,0,0,0,0,0,0,0,198.438655557347,846063.226940535
53873,1554.58451060629,0,0,0,229.43817862094,105.272688090046,0,1004.76263179839,0,0,0,0,0,0,0,198.160931593276,844528.829855537
53904,1552.2535899419,0,0,0,228.812824755491,69.7853079959652,0,1012.06063049749,0,0,0,0,0,0,0,204.991169818949,841390.173275337
53935,1550.24506540173,0,0,0,228.186274982994,72.0707531100173,0,1019.37477947948,0,0,0,0,0,0,0,204.083661906521,838387.391555171
53965,1548.56684650512,0,0,0,227.558501937782,74.4179930302709,0,1026.71816883769,0,0,0,0,0,0,0,203.218506922271,835523.277804801
53996,1547.22393549899,0,0,0,226.929483594799,76.8273562600649,0,1034.09902262324,0,0,0,0,0,0,0,202.397718667952,832799.535020084
54026,1546.22361190872,0,0,0,226.299204539483,79.299401128546,0,1041.52289617838,0,0,0,0,0,0,0,201.621288269288,830218.828580001
54057,1543.06457139615,0,0,0,225.667638826674,64.1855719493335,0,1048.95646790852,0,0,0,0,0,0,0,204.378019053045,826863.160302686
54088,1538.93165106686,0,0,0,225.035078306829,57.3169019237905,0,1056.37648782547,0,0,0,0,0,0,0,205.002599544565,823167.097369053
54117,1537.73087396875,0,0,0,224.401664925037,77.9416972369007,0,1063.83012314248,0,0,0,0,0,0,0,199.960492924404,820564.27481444
54148,1536.87853579996,0,0,0,223.767108626014,80.3880801454303,0,1071.33229945399,0,0,0,0,0,0,0,199.149135206917,818105.591779216
54178,1537.77542197632,0,0,0,223.131458712974,92.7162936059513,0,1078.90531718873,0,0,0,0,0,0,0,196.443773280222,816305.290590929
54209,1539.05383615203,0,0,0,222.494592595698,95.4430782773299,0,1086.5569248182,0,0,0,0,0,0,0,196.007020426172,814661.472596482
54239,1540.72502745072,0,0,0,221.856552628835,98.2010796961198,0,1094.28833764623,0,0,0,0,0,0,0,195.629132441024,813177.597192385
54270,1538.22681462485,0,0,0,221.217383366022,63.7673128219143,0,1102.01361086658,0,0,0,0,0,0,0,202.375013072786,810135.301365875
54301,1536.04561985677,0,0,0,220.577601834313,65.8766897363814,0,1109.73511301299,0,0,0,0,0,0,0,201.315599162809,807224.820596501
54331,1534.18887191945,0,0,0,219.937239078,68.041215654717,0,1117.4616613853,0,0,0,0,0,0,0,200.297418073107,804448.84187719
54362,1532.66167600196,0,0,0,219.296345160873,70.2625332432076,0,1125.20089000529,0,0,0,0,0,0,0,199.322408609445,801808.991621523
54392,1531.47103137127,0,0,0,218.654966189667,72.5401888643312,0,1132.95843314569,0,0,0,0,0,0,0,198.390981073822,799307.836894756
54423,1528.1609951384,0,0,0,218.013159213387,58.7166729264222,0,1140.70715633438,0,0,0,0,0,0,0,200.764773723209,796054.1529752
54454,1523.89525412439,0,0,0,217.371321633921,52.4369288193137,0,1148.42506872338,0,0,0,0,0,0,0,201.104645592559,792469.902462774
54482,1522.50934438267,0,0,0,216.729686851538,71.3297277696552,0,1156.15472715383,0,0,0,0,0,0,0,196.126326452385,789946.934718019
54513,1521.46580486919,0,0,0,216.087873736768,73.5756243,0,1163.91531138493,0,0,0,0,0,0,0,195.152925801332,787563.65403346
54543,1522.14012803798,0,0,0,215.44584379406,84.8703681307757,0,1171.72690802939,0,0,0,0,0,0,0,192.410248091661,785819.29033837
54574,1523.18880121986,0,0,0,214.803371202237,87.3728489457598,0,1179.60014182519,0,0,0,0,0,0,0,191.815100682159,784226.512105197
54604,1524.62295482499,0,0,0,214.160410753913,89.9016804096982,0,1187.53712428245,0,0,0,0,0,0,0,191.277232324307,782788.617601678
54635,1516.72394429366,0,0,0,213.135687513593,57.7948777681976,0,1186.23706995898,0,0,0,0,0,0,0,197.38061740415,777717.6822832
54666,1509.04122976572,0,0,0,212.101822482333,59.7175982604506,0,1184.63666788942,0,0,0,0,0,0,0,195.96449080599,772735.424395965
54696,1501.57941619053,0,0,0,211.058337286956,61.689247567077,0,1182.76144528508,0,0,0,0,0,0,0,194.608030371337,767843.303760753
54727,1494.34389179446,0,0,0,210.005241906101,63.7124991213892,0,1180.62531374013,0,0,0,0,0,0,0,193.311096521113,763043.30451433
54757,1487.33846265301,0,0,0,208.942057687158,65.7860442643229,0,1178.22167613624,0,0,0,0,0,0,0,192.074334498824,758336.781843008
54788,1479.35392629318,0,0,0,207.95643219285,53.2518264253041,0,1177.65135651523,0,0,0,0,0,0,0,193.951125107119,753345.036111816
54819,1470.93639170982,0,0,0,207.006476164594,47.5580141613917,0,1177.89135741397,0,0,0,0,0,0,0,193.935773357428,748236.573700348
54847,1464.01912945415,0,0,0,205.957316942368,64.703555805471,0,1175.68794567738,0,0,0,0,0,0,0,188.957245785923,743620.736446989
54878,1457.28984460585,0,0,0,204.896392347813,66.7425037804355,0,1173.19214990164,0,0,0,0,0,0,0,187.743297734156,739080.290943831
54908,1451.47417631547,0,0,0,203.776486728353,76.993617989039,0,1169.26232885257,0,0,0,0,0,0,0,184.891862864882,734846.654632448
54939,1445.92184137444,0,0,0,202.645092870296,79.2672498742196,0,1165.04682519747,0,0,0,0,0,0,0,184.076280174666,730717.3991611
54969,1440.59872530331,0,0,0,201.50052154756,81.5623921860197,0,1160.52524296867,0,0,0,0,0,0,0,183.333599894346,726677.724711768
55000,1437.25043906034,0,0,0,200.804937292388,52.156869142186,0,1166.50744553582,0,0,0,0,0,0,0,189.18798175084,723850.770674473
55031,1434.18316899327,0,0,0,200.107658181984,53.895939613005,0,1172.36307300058,0,0,0,0,0,0,0,187.898003456772,721141.560495355
55061,1431.40232000874,0,0,0,199.408499649738,55.6786263695771,0,1178.09977137941,0,0,0,0,0,0,0,186.651999241096,718552.311166423
55092,1428.91311789745,0,0,0,198.707408837429,57.5082812442973,0,1183.73059724183,0,0,0,0,0,0,0,185.450991665486,716084.548012959
55122,1426.7204056249,0,0,0,198.004198462385,59.3830502309497,0,1189.26313615697,0,0,0,0,0,0,0,184.2954562715,713740.384424674
55153,1422.73042266014,0,0,0,197.31528368495,48.0691151249307,0,1195.15601234567,0,0,0,0,0,0,0,185.961795338653,710731.670708377
55184,1417.93247504957,0,0,0,196.633210956805,42.9299058872878,0,1201.19274996512,0,0,0,0,0,0,0,185.82788429402,707431.070987441
55212,1415.6007013318,0,0,0,195.932466734402,58.4115798275286,0,1206.67989172832,0,0,0,0,0,0,0,181.132760504357,705070.348602017
55243,1413.56646334339,0,0,0,195.229607488265,60.2540517795627,0,1212.10263940825,0,0,0,0,0,0,0,179.934238803948,702833.110468467
55273,1413.00761672148,0,0,0,194.515438872234,69.5114640762055,0,1217.22432194773,0,0,0,0,0,0,0,177.235434382365,701161.832083501
55304,1412.77732913842,0,0,0,193.798540278995,71.565278690501,0,1222.30601992268,0,0,0,0,0,0,0,176.414662324005,699625.393825539
55334,1412.88276624476,0,0,0,193.078868416858,73.6390630476628,0,1227.3612150223,0,0,0,0,0,0,0,175.648723309222,698226.020117905
55365,1404.31246252783,0,0,0,191.452159481166,46.6416966153879,0,1214.45783267534,0,0,0,0,0,0,0,181.485150584747,692815.399193136
55396,1395.92577859808,0,0,0,189.802220221881,48.2042900873917,0,1200.95548573111,0,0,0,0,0,0,0,180.593949529429,687471.138579209
55426,1387.72480784453,0,0,0,188.128246320832,49.8051561789503,0,1186.82595155722,0,0,0,0,0,0,0,179.797216940854,682193.181235279
55457,1379.71163098547,0,0,0,186.429571394711,51.4482009444809,0,1172.05204176236,0,0,0,0,0,0,0,179.097212498866,676981.736839761
55487,1371.88728129851,0,0,0,184.705369635717,53.1310484991352,0,1156.59552030088,0,0,0,0,0,0,0,178.497829713289,671836.614626255
55518,1363.38943325097,0,0,0,183.186493430911,43.0092722669709,0,1145.20775273504,0,0,0,0,0,0,0,180.382811322477,666607.578255245
55549,1354.6241746864,0,0,0,181.764920673476,38.4125101638946,0,1135.66479411371,0,0,0,0,0,0,0,180.569559517472,661364.813198806
55578,1346.93943229838,0,0,0,180.080055417526,52.2722107344307,0,1120.5451086454,0,0,0,0,0,0,0,176.785257729499,656342.595782007
55609,1339.44259877494,0,0,0,178.369477631575,53.9239994878152,0,1104.71747589669,0,0,0,0,0,0,0,176.284767966438,651385.494408526
55639,1332.61909672753,0,0,0,176.503206432498,62.212713894533,0,1085.50824287873,0,0,0,0,0,0,0,174.563395708615,646577.916395337
55670,1325.99678582054,0,0,0,174.60664697776,64.0526517623443,0,1065.47535834049,0,0,0,0,0,0,0,174.646325278919,641837.249670403
55700,1319.57814465958,0,0,0,172.678834649164,65.9106424257057,0,1044.58883150101,0,0,0,0,0,0,0,174.856102682447,637163.868314117
55731,1316.26086152621,0,0,0,171.990645018426,41.1954529381581,0,1045.41974585676,0,0,0,0,0,0,0,180.355789519182,634237.366551811
55762,1313.19764510712,0,0,0,171.299540160127,42.5832292524399,0,1046.05549068957,0,0,0,0,0,0,0,179.479755601163,631406.919253929
55792,1310.3928230325,0,0,0,170.60524620088,44.0044359020249,0,1046.48693522475,0,0,0,0,0,0,0,178.671018718165,628673.717882744
55823,1307.85178870129,0,0,0,169.907742831221,45.4632162061625,0,1046.7183796418,0,0,0,0,0,0,0,177.930669066323,626039.307344335
55853,1305.57823267091,0,0,0,169.206755109685,46.956721970217,0,1046.74141579071,0,0,0,0,0,0,0,177.260866491388,623504.794876938
55884,1301.69762743145,0,0,0,168.533718812009,38.0114654905151,0,1048.03020077151,0,0,0,0,0,0,0,178.811970792612,620473.48180218
55915,1297.09572139942,0,0,0,167.874079827728,33.9502242840348,0,1049.87342705707,0,0,0,0,0,0,0,178.793515386916,617227.285078721
55943,1294.7051964073,0,0,0,167.178951384053,46.2100020105172,0,1049.97335854142,0,0,0,0,0,0,0,175.166565519278,614699.374167705
55974,1292.58382496921,0,0,0,166.480342410797,47.673869099731,0,1049.86668876088,0,0,0,0,0,0,0,174.50436190228,612271.363233441
56004,1291.78763729839,0,0,0,165.76072695249,55.0069807933458,0,1048.73941561328,0,0,0,0,0,0,0,172.718180498567,610279.098419269
56035,1291.28828702529,0,0,0,165.036723779659,56.6364037137403,0,1047.39294711713,0,0,0,0,0,0,0,172.545802425657,608395.077750444
56065,1291.09303506169,0,0,0,164.308308410404,58.2818460366863,0,1045.83161491425,0,0,0,0,0,0,0,172.459603330988,606621.517187468
56096,1287.69021133663,0,0,0,163.628252031684,35.8206784707874,0,1047.2693889706,0,0,0,0,0,0,0,177.46046042076,603817.838359453
56127,1284.53506223377,0,0,0,162.945193873088,37.0372944918771,0,1048.52163995511,0,0,0,0,0,0,0,176.495308897451,601106.175572002
56157,1281.63157942512,0,0,0,162.258855168308,38.2824677594623,0,1049.58033067791,0,0,0,0,0,0,0,175.598990914273,598487.636630239
56188,1278.98515407372,0,0,0,161.569213893824,39.5602958806821,0,1050.44951005191,0,0,0,0,0,0,0,174.772512596871,595963.717501917
56218,1276.59900309363,0,0,0,160.875990116437,40.8675387866984,0,1051.12173808336,0,0,0,0,0,0,0,174.018112302274,593535.448072089
56249,1272.6528413748,0,0,0,160.211020122091,33.0831476441936,0,1052.91850829078,0,0,0,0,0,0,0,175.19732818065,590628.59085679
56280,1268.00703973557,0,0,0,159.559577174172,29.5507508886952,0,1055.20156955075,0,0,0,0,0,0,0,174.948455068093,587514.581911863
56308,1265.50988970819,0,0,0,158.872155629721,40.2326206286654,0,1055.91098874219,0,0,0,0,0,0,0,171.544572290534,585091.547538096
56339,1263.27473900001,0,0,0,158.181156622686,41.5111980370226,0,1056.42481119107,0,0,0,0,0,0,0,170.802902992255,582764.195892334
56369,1262.32746341059,0,0,0,157.468828495321,47.9014032578893,0,1056.01330079918,0,0,0,0,0,0,0,169.099664161379,580855.75541805
56400,1261.6687241369,0,0,0,156.751992573437,49.3229289262478,0,1055.39514048015,0,0,0,0,0,0,0,168.8506294477,579050.895177421
56430,1261.30568591538,0,0,0,156.030622280297,50.7579693024852,0,1054.57411657758,0,0,0,0,0,0,0,168.688860480877,577351.764248743
56461,1257.59027439966,0,0,0,155.305330705287,30.5009768234876,0,1054.97086919649,0,0,0,0,0,0,0,173.287273902528,574710.79247915
56492,1254.1120430947,0,0,0,154.575777563949,31.5473830125319,0,1055.16890995,0,0,0,0,0,0,0,172.35803048526,572159.37742994
56522,1250.87432762649,0,0,0,153.84158717263,32.6178706299118,0,1055.15848424146,0,0,0,0,0,0,0,171.503523169944,569698.633765441
56553,1247.88251790911,0,0,0,153.102742523129,33.7161658077125,0,1054.94349807659,0,0,0,0,0,0,0,170.724739152622,567330.000742356
56583,1245.13900958973,0,0,0,152.358867118794,34.8389498494367,0,1054.51493261441,0,0,0,0,0,0,0,170.024112971832,565054.521035435
56614,1240.93093486523,0,0,0,151.654386789016,28.2033592833826,0,1055.39436188395,0,0,0,0,0,0,0,170.93398506737,562308.004542843
56645,1236.06800218438,0,0,0,150.968643615208,25.194304372275,0,1056.84717083144,0,0,0,0,0,0,0,170.556522332649,559357.220290119
56673,1233.23114546757,0,0,0,150.232524115182,34.3145703183637,0,1056.50072458974,0,0,0,0,0,0,0,167.531966018317,557084.563874224
56704,1230.64429757753,0,0,0,149.491375275651,35.409812045269,0,1055.94159881436,0,0,0,0,0,0,0,166.854477385304,554905.102828043
56734,1229.27358078202,0,0,0,148.720448340885,40.8667331320066,0,1054.32927347194,0,0,0,0,0,0,0,165.404735802505,553136.344226259
56765,1228.1774053452,0,0,0,147.943295905646,42.082851690867,0,1052.49089108536,0,0,0,0,0,0,0,165.245446320828,551468.503028858
56795,1227.36281830889,0,0,0,147.159897818933,43.3099166138351,0,1050.43078700673,0,0,0,0,0,0,0,165.179395593834,549903.653066679
56826,1212.90659517653,0,0,0,145.484692223773,24.851985104773,0,1054.63204177239,0,0,0,0,0,0,0,166.112770844462,544626.342266118
56857,1198.48032689671,0,0,0,143.781871372161,25.7237718987297,0,1058.760695939,0,0,0,0,0,0,0,161.799808119633,539383.714584676
56887,1184.07907806066,0,0,0,142.050330833041,26.6145686200277,0,1062.81442077406,0,0,0,0,0,0,0,157.486170917302,534174.908150462
56918,1169.69919418771,0,0,0,140.289086749358,27.5277767135847,0,1066.79743012783,0,0,0,0,0,0,0,153.170337358668,528998.836116773
56948,1155.34024240485,0,0,0,138.497576342219,28.4600632178947,0,1070.70811346192,0,0,0,0,0,0,0,148.853149987535,523856.111617316
56979,1141.79682616181,0,0,0,136.940903818612,23.041156108151,0,1075.18155982611,0,0,0,0,0,0,0,146.470559008972,518831.547839231
57010,1128.690247341,0,0,0,135.494906201308,20.5872465788963,0,1079.89335413795,0,0,0,0,0,0,0,143.28538746912,513884.402092022
57039,1114.77194154179,0,0,0,133.744863054881,28.0610322827749,0,1083.84871944437,0,0,0,0,0,0,0,137.138704903323,508879.655889659
57070,1100.86787819761,0,0,0,131.963993125321,28.9649320265433,0,1087.73136555182,0,0,0,0,0,0,0,132.893577788918,503906.05013627
57100,1086.52701196669,0,0,0,130.002470422214,33.4383245191709,0,1091.19424106535,0,0,0,0,0,0,0,127.564669165115,498913.845616592
57131,1072.18418499904,0,0,0,128.004508400646,34.4391588583729,0,1094.5952343738,0,0,0,0,0,0,0,123.237544157732,493949.995502495
57161,1057.83780219323,0,0,0,125.969146351714,35.4477917107709,0,1097.9387408146,0,0,0,0,0,0,0,118.905185141424,489014.178582894
57192,1055.32880535363,0,0,0,125.514932035161,20.2640421454558,0,1105.1431299879,0,0,0,0,0,0,0,121.710038520637,487289.801179709
57223,1053.03241248782,0,0,0,125.061039708036,20.9759344253127,0,1112.28459246199,0,0,0,0,0,0,0,120.127380838626,485652.509942031
57253,1050.95289267094,0,0,0,124.607437766711,21.7033732904586,0,1119.36595564602,0,0,0,0,0,0,0,118.588236236493,484104.077015589
57284,1049.09429769779,0,0,0,124.154093657397,22.4492312039016,0,1126.39093061322,0,0,0,0,0,0,0,117.093220918407,482645.674279046
57314,1047.4601699771,0,0,0,123.700973946362,23.2100691611269,0,1133.3620246916,0,0,0,0,0,0,0,115.643786687309,481279.075266007
57345,1044.44544190748,0,0,0,123.248043262564,18.7903578573097,0,1140.26274027611,0,0,0,0,0,0,0,115.310298616056,479392.53595547
57376,1040.80995419646,0,0,0,122.795566073567,16.7894850988004,0,1147.08575134463,0,0,0,0,0,0,0,114.065939006033,477275.779300894
57404,1039.06454406908,0,0,0,122.34366739651,22.8871562505722,0,1153.85490383846,0,0,0,0,0,0,0,110.964855163237,475885.051690056
57435,1037.54511910229,0,0,0,121.892002872849,23.6248339132825,0,1160.57143199225,0,0,0,0,0,0,0,109.502278802297,474586.313123953
57465,1037.15478082079,0,0,0,121.440538384318,27.2745607579417,0,1167.24888559922,0,0,0,0,0,0,0,107.491660391791,473722.926282682
57496,1037.01361270338,0,0,0,120.989070589767,28.0910923527963,0,1173.89059696842,0,0,0,0,0,0,0,106.374966171775,472960.150913756
57526,1037.12696569619,0,0,0,120.537559758722,28.9138103356088,0,1180.49966535607,0,0,0,0,0,0,0,105.312046727288,472299.739361664
57557,1021.71716508376,0,0,0,119.184594900449,15.8860526289993,0,1165.88829044336,0,0,0,0,0,0,0,106.509633318904,467091.924174279
57588,1006.27416298224,0,0,0,117.810022005249,16.4559286005157,0,1150.6017025985,0,0,0,0,0,0,0,103.881456170947,461902.641557809
57618,990.793120782214,0,0,0,116.413109691149,17.0377593944932,0,1134.62712807164,0,0,0,0,0,0,0,101.327303666395,456731.159955281
57649,975.26877875235,0,0,0,114.993128488006,17.6335800121068,0,1117.95282017611,0,0,0,0,0,0,0,98.8472884281559,451576.181153424
57679,959.696368973018,0,0,0,113.549320455235,18.2403854154614,0,1100.55166626684,0,0,0,0,0,0,0,96.4446027300386,446436.90417088
57710,945.452155820811,0,0,0,112.288757858229,14.7684183377341,0,1087.27852461881,0,0,0,0,0,0,0,95.1094189271716,441524.981993815
57741,931.885423742636,0,0,0,111.114749325251,13.1990048159227,0,1075.87305225602,0,0,0,0,0,0,0,93.138809710461,436740.709138629
57769,916.840677050206,0,0,0,109.703723114436,18.0044782118306,0,1058.76808842153,0,0,0,0,0,0,0,89.5652372734511,431751.921094115
57800,901.74164428437,0,0,0,108.268591935831,18.5894721494288,0,1040.94353384153,0,0,0,0,0,0,0,87.3499192745091,426777.032407717
57830,885.811315100084,0,0,0,106.69255296254,21.4662009535071,0,1019.67598775876,0,0,0,0,0,0,0,84.6577572199337,421695.692128384
57861,869.802436110838,0,0,0,105.088085813875,22.1120162223162,0,997.597871934861,0,0,0,0,0,0,0,82.7274121674632,416623.79478776
57891,853.708250942256,0,0,0,103.454194200194,22.7614644672954,0,974.682380407149,0,0,0,0,0,0,0,80.8828954963025,411559.690373584
57922,850.055792774038,0,0,0,101.993245598082,12.3221756717868,0,970.693334316281,0,0,0,0,0,0,0,84.0520045106448,407975.220999342
57953,846.547316538535,0,0,0,100.506995800432,12.7659719215387,0,966.36354518161,0,0,0,0,0,0,0,84.120629826632,404426.87305222
57983,843.184714287264,0,0,0,98.9944343093887,13.2193907681032,0,961.676892254639,0,0,0,0,0,0,0,84.2937528584512,400912.670824174
58014,839.970529984991,0,0,0,97.4546613567541,13.6838106810207,0,956.636412570477,0,0,0,0,0,0,0,84.5721924591074,397433.900747054
58044,836.906185254269,0,0,0,95.8871640787976,14.1566096265962,0,951.226495892991,0,0,0,0,0,0,0,84.9600246947985,393988.684455823
58075,833.042742972571,0,0,0,94.5353560805137,11.4612394884929,0,947.707058166857,0,0,0,0,0,0,0,85.7109889916619,390537.340566763
58106,828.829510696355,0,0,0,93.2852065948807,10.2435902501276,0,945.011226994044,0,0,0,0,0,0,0,85.7261472596055,387097.664031198
58134,825.751283314408,0,0,0,91.7559197008185,13.9781727323326,0,939.622112642767,0,0,0,0,0,0,0,85.0707185143315,383733.444287607
58165,822.823346731545,0,0,0,90.1983928631151,14.4336437913294,0,933.867823171126,0,0,0,0,0,0,0,85.5446285403227,380402.313650747
58195,820.580093756214,0,0,0,88.4750646458943,16.6693789856874,0,926.495376187977,0,0,0,0,0,0,0,85.9878020510965,377129.303930831
58226,818.499895940216,0,0,0,86.7183693560437,17.1720759211805,0,918.716380854384,0,0,0,0,0,0,0,87.0947453153275,373888.354100091
58256,816.586165823577,0,0,0,84.9274294991736,17.6773154035949,0,910.533869847567,0,0,0,0,0,0,0,88.3278368756745,370681.373861535
58287,814.505431658599,0,0,0,84.5883461315298,8.80555717057127,0,915.740914639083,0,0,0,0,0,0,0,89.7809200290617,369361.86472811
58318,812.590308629785,0,0,0,84.2495397113647,9.1363294006488,0,920.917661926822,0,0,0,0,0,0,0,88.4877043545206,368110.678348004
58348,810.844438843742,0,0,0,83.9109806919441,9.47366158098699,0,926.067789232404,0,0,0,0,0,0,0,87.2335967276833,366929.056988678
58379,809.2707877787,0,0,0,83.5726387001666,9.81867600273701,0,931.19563718361,0,0,0,0,0,0,0,86.0190516012591,365818.017870416
58409,807.871828517922,0,0,0,83.2344825884559,10.1689127006386,0,936.304860650214,0,0,0,0,0,0,0,84.8450753275216,364778.81209813
58440,805.393889081631,0,0,0,82.896479482703,8.23343431319499,0,941.379624985517,0,0,0,0,0,0,0,84.0457391096727,363327.077507313
58471,802.431589817388,0,0,0,82.5588545771911,7.36180703714488,0,946.413209115994,0,0,0,0,0,0,0,82.7468774443695,361692.379982292
58500,800.946473702218,0,0,0,82.2217130888706,10.0621533945108,0,951.43021913427,0,0,0,0,0,0,0,80.769525827372,360632.103190758
58531,799.637426850279,0,0,0,81.8847563993116,10.3959110225464,0,956.433506368108,0,0,0,0,0,0,0,79.5859849593109,359643.872466215
58561,799.209636555815,0,0,0,81.5479525049285,12.0133751105152,0,961.437924295929,0,0,0,0,0,0,0,78.2583890077368,358999.754237295
58592,798.975617865678,0,0,0,81.2111237503398,12.3796884475936,0,966.447820561762,0,0,0,0,0,0,0,77.3731109489676,358434.235118831
58622,798.938903449996,0,0,0,80.8742330768459,12.7468987888239,0,971.467511902097,0,0,0,0,0,0,0,76.5332737273834,357948.832422802
58653,790.575231852989,0,0,0,78.8375063189829,5.48219465766749,0,965.87549717139,0,0,0,0,0,0,0,77.3278742321011,354047.587474396
58684,782.260484052476,0,0,0,76.7609662221209,5.70528222079169,0,959.966065072406,0,0,0,0,0,0,0,75.8554200704986,350165.728472963
58714,773.993599171712,0,0,0,74.6431615230299,5.93198729551386,0,953.72960395869,0,0,0,0,0,0,0,74.4486698874753,346302.487279492
58745,765.773065960783,0,0,0,72.4827360660006,6.16314948160857,0,947.161532006554,0,0,0,0,0,0,0,73.1081515185251,342456.978225471
58775,757.597586431685,0,0,0,70.2786261526799,6.39674743106471,0,940.246951113554,0,0,0,0,0,0,0,71.8363470880635,338629.061117646
58806,749.669091141547,0,0,0,68.4211215086365,5.18032161496258,0,935.406614944949,0,0,0,0,0,0,0,70.7349022616441,334943.152388385
58837,741.892554864244,0,0,0,66.727243549497,4.63581120088074,0,931.498995760544,0,0,0,0,0,0,0,69.2884052141432,331340.232484453
58865,733.950703372191,0,0,0,64.5866381888603,6.35585703643874,0,924.745708373149,0,0,0,0,0,0,0,67.5575758525894,327624.40191195
58896,726.051162256074,0,0,0,62.4016406778384,6.57393086153348,0,917.643066236929,0,0,0,0,0,0,0,66.3831805387928,323924.575768217
58926,718.078798003567,0,0,0,59.9519770082381,7.60528181193215,0,908.835665871599,0,0,0,0,0,0,0,65.2214911298461,320169.594917049
58957,710.143532135369,0,0,0,57.4501398459897,7.84211433570981,0,899.638155355244,0,0,0,0,0,0,0,64.393329213379,316427.588489761
58987,702.243442637786,0,0,0,54.894559225263,8.07836108331937,0,890.040070162403,0,0,0,0,0,0,0,63.6425803839866,312697.901897775
59018,700.060515465711,0,0,0,54.6668701600525,2.90229533137881,0,894.807042655047,0,0,0,0,0,0,0,63.9024626248359,311617.697484202
59049,698.016221068565,0,0,0,54.4394053513214,3.03334852927696,0,899.497314583999,0,0,0,0,0,0,0,62.4984311839365,310597.425839454
59079,696.113443353524,0,0,0,54.2121274380959,3.16596741553172,0,904.117031255798,0,0,0,0,0,0,0,61.127456699436,309638.131515942
59110,694.354556557955,0,0,0,53.9849982000078,3.30068702337001,0,908.672693655484,0,0,0,0,0,0,0,59.7894034882712,308740.644741571
59140,692.740986445593,0,0,0,53.7579785738663,3.43619853912547,0,913.169941423074,0,0,0,0,0,0,0,58.4841762908508,307906.048165649
59171,690.250873275013,0,0,0,53.5310279015459,2.7831586693858,0,917.605746589692,0,0,0,0,0,0,0,57.1389524075475,306703.025578097
59202,687.369453260078,0,0,0,53.304286091704,2.49342321932329,0,921.980746062634,0,0,0,0,0,0,0,55.5338558626955,305336.074117966
59230,685.695957551345,0,0,0,53.0778110659706,3.43413478630876,0,926.30969563579,0,0,0,0,0,0,0,53.9055478996656,304479.52889942
59261,684.168746058316,0,0,0,52.8513793141186,3.55746435245334,0,930.597418755552,0,0,0,0,0,0,0,52.5797928297013,303685.892892335
59291,683.362770564214,0,0,0,52.6249499479391,4.12218707324134,0,934.854843982171,0,0,0,0,0,0,0,51.3261977649321,303197.299917806
59322,682.716947024735,0,0,0,52.3983796535649,4.2541975272698,0,939.089015481455,0,0,0,0,0,0,0,50.2473845873713,302777.21633287
59352,682.233804257105,0,0,0,52.1716211905635,4.38512247729695,0,943.306665736871,0,0,0,0,0,0,0,49.1999759177874,302426.925508111
59383,632.334120094469,0,0,0,48.9165000955545,0.00759879523446295,0,887.95311422557,0,0,0,0,0,0,0,44.5156830688463,279983.097554716
59414,581.675074134336,0,0,0,45.5888513435236,0.0530046946439296,0,830.616640039732,0,0,0,0,0,0,0,38.4896963779392,257196.562058262
59444,530.224894493538,0,0,0,42.1863503870393,0.0967991591509219,0,771.254440399826,0,0,0,0,0,0,0,32.5837933223292,234053.542333544
59475,477.95168703959,0,0,0,38.7066829335015,0.139262220351473,0,709.824195113808,0,0,0,0,0,0,0,26.7959721045226,210540.196409525
59505,424.828113447424,0,0,0,35.1474357556841,0.18017841495157,0,646.2403063919,0,0,0,0,0,0,0,21.1337828497174,186642.305705288
59536,380.813808006697,0,0,0,32.2044129432009,0.150775305428981,0,594.200647402546,0,0,0,0,0,0,0,16.3349332511461,166850.06233522
59567,341.194614133362,0,0,0,29.5517878951301,0.145422647260321,0,547.411051686314,0,0,0,0,0,0,0,11.9933865853965,149039.256679867
59595,290.37892353125,0,0,0,26.1020638456646,0.244321444688519,0,484.544883909013,0,0,0,0,0,0,0,6.94342113232837,126182.929201327
59626,238.683790897565,0,0,0,22.5718333766799,0.270821349178628,0,419.553435530718,0,0,0,0,0,0,0,2.03017261694512,102930.049078846
59656,180.494730162268,0,0,0,18.5688458706408,0.332904511941896,0,344.736883794367,0,0,0,0,0,0,0,-3.18820285205864,76751.2675748478
59687,121.265879114665,0,0,0,14.4717599983514,0.355485796546887,0,267.463909395866,0,0,0,0,0,0,0,-8.26942505910388,50104.335842465
59717,60.9571630971764,0,0,0,10.2773927454791,0.375070975793537,0,187.64818550862,0,0,0,0,0,0,0,-13.2221525022807,22970.2753608808
59748,57.3173656922503,0,0,0,10.1858994515581,0.0535159486516741,0,179.717256098944,0,0,0,0,0,0,0,-12.8924435619381,21741.5073634868
59779,53.6309141481663,0,0,0,10.0934605115252,0.0583206094480796,0,171.490785237787,0,0,0,0,0,0,0,-12.6290721168315,20497.6970256048
59809,49.8928822525769,0,0,0,9.99999836650249,0.0630460574702705,0,162.946474332772,0,0,0,0,0,0,0,-12.320337635756,19237.2083567865
59840,46.1040942505897,0,0,0,9.90551736930869,0.0677428400154395,0,154.07880940035,0,0,0,0,0,0,0,-11.9649601956997,17960.318015484
59870,42.2596547182144,0,0,0,9.80994019887785,0.072349322308894,0,144.865505482259,0,0,0,0,0,0,0,-11.5604149210551,16665.4066666176
59901,39.0529334186555,0,0,0,9.72338370612284,0.0588885612416575,0,137.379220695851,0,0,0,0,0,0,0,-11.2527128876461,15580.8985969386
59932,36.1532089974839,0,0,0,9.64110592409928,0.0533080280902384,0,130.659417851353,0,0,0,0,0,0,0,-10.9842387765276,14597.8299864387
59961,32.4794861716878,0,0,0,9.54736311761281,0.0756329927274591,0,121.47533564236,0,0,0,0,0,0,0,-10.5249913825732,13360.0767215028
59992,28.7496617490272,0,0,0,9.45253315384873,0.0792571217554034,0,111.931991903579,0,0,0,0,0,0,0,-10.0079305329417,12104.1523980853
60022,24.5793176742425,0,0,0,9.35099378780603,0.0928147630187014,0,100.866933871545,0,0,0,0,0,0,0,-9.35596635973207,10703.4257720918
60053,20.3419669723653,0,0,0,9.24814112706973,0.0963793725155011,0,89.3703632772658,0,0,0,0,0,0,0,-8.63877978700613,9280.93135248724
60083,16.0386527073142,0,0,0,9.14398092115257,0.099778961869541,0,77.4353669847132,0,0,0,0,0,0,0,-7.85802502105306,7837.02590774645
60114,15.9290399580556,0,0,0,9.09992700427241,0.032104764229779,0,77.6668972197606,0,0,0,0,0,0,0,-7.9032516429843,7784.75241870745
60145,15.8218020565239,0,0,0,9.0559272468051,0.0336654898222262,0,77.8842203521141,0,0,0,0,0,0,0,-7.97241890250975,7733.6486377152
60175,15.7169238202665,0,0,0,9.01195639507701,0.0352350275790284,0,78.0906341580693,0,0,0,0,0,0,0,-8.04231156159074,7683.70530388234
60206,15.6143895424727,0,0,0,8.967988682414,0.0368274391678665,0,78.2895109308033,0,0,0,0,0,0,0,-8.1133785960475,7634.91290009418
60236,15.514166148603,0,0,0,8.92399781770077,0.0384193435271164,0,78.4840660203493,0,0,0,0,0,0,0,-8.18608577712022,7587.26274857665
60267,15.4038996013502,0,0,0,8.87995680893539,0.0311303765870839,0,78.6794901666589,0,0,0,0,0,0,0,-8.26175464489256,7534.42352587432
60298,15.2894407497174,0,0,0,8.83587994444995,0.0279137558340823,0,78.8794699448669,0,0,0,0,0,0,0,-8.34313096664088,7479.39033131765
60326,15.1900413498729,0,0,0,8.79176508138406,0.0385477805527682,0,79.0845137046633,0,0,0,0,0,0,0,-8.42764196050103,7432.02234843816
60357,15.0928174183481,0,0,0,8.74754680186868,0.0399720880666134,0,79.2975495594227,0,0,0,0,0,0,0,-8.51216857817474,7385.72481232344
60387,15.0046527829188,0,0,0,8.70319752400126,0.0463662244196668,0,79.5207405944549,0,0,0,0,0,0,0,-8.59997910359452,7344.0190777677
60418,14.9187050835648,0,0,0,8.65866566690857,0.0478738122694921,0,79.7578584746168,0,0,0,0,0,0,0,-8.69054929935308,7303.40290620175
60448,14.834956871197,0,0,0,8.61391931300228,0.0493671119641709,0,80.0126306811652,0,0,0,0,0,0,0,-8.78616150538558,7263.87189405784
60479,13.6376281454446,0,0,0,7.94178058023702,-0.00321496561747108,0,74.0799706203937,0,0,0,0,0,0,0,-8.16253072794138,6677.51588846329
60510,12.4230547976756,0,0,0,7.25513466195693,-0.00275287748982787,0,67.9633954743695,0,0,0,0,0,0,0,-7.52902494312404,6082.72962367975
60540,11.1905439980864,0,0,0,6.55353252008519,-0.00231704336899316,0,61.6544309645664,0,0,0,0,0,0,0,-6.86583669739606,5479.17682270687
60571,9.93941069560486,0,0,0,5.83652801510737,-0.00190106365718944,0,55.1446281327131,0,0,0,0,0,0,0,-6.17185004906488,4866.52486764627
60601,8.66895520353316,0,0,0,5.10365240074938,-0.0015103190560455,0,48.4210866657375,0,0,0,0,0,0,0,-5.44525945722978,4244.42438398235
60632,7.61841566706445,0,0,0,4.49904750441737,-0.00115663120387297,0,42.9117557187986,0,0,0,0,0,0,0,-4.85348713045826,3729.99867552415
60663,6.67439074046243,0,0,0,3.95510429061843,-0.000897403830644801,0,37.958085110944,0,0,0,0,0,0,0,-4.32063392850227,3267.73327737853
60691,5.46245464928533,0,0,0,3.24654058866091,-0.000652527563451976,0,31.3290109462879,0,0,0,0,0,0,0,-3.58555221145598,2674.33063426588
60722,4.23061150929228,0,0,0,2.52196619740715,-0.000441145458342782,0,24.4760864139941,0,0,0,0,0,0,0,-2.81664800646978,2071.20006618848
60752,2.84417841140222,0,0,0,1.70017963633738,-0.000256771347655313,0,16.5904251601225,0,0,0,0,0,0,0,-1.91881020699672,1392.41389957809
60783,1.43428732179044,0,0,0,0.859730712572719,-0.000109661848258248,0,8.43624632166371,0,0,0,0,0,0,0,-0.980564178866749,702.167902867163
60813,0,0,0,0,0,0,0,0,0,0,0,0,0,0,0,0,0
60844,0,0,0,0,0,0,0,0,0,0,0,0,0,0,0,0,0
60875,0,0,0,0,0,0,0,0,0,0,0,0,0,0,0,0,0
60905,0,0,0,0,0,0,0,0,0,0,0,0,0,0,0,0,0
60936,0,0,0,0,0,0,0,0,0,0,0,0,0,0,0,0,0
60966,0,0,0,0,0,0,0,0,0,0,0,0,0,0,0,0,0
60997,0,0,0,0,0,0,0,0,0,0,0,0,0,0,0,0,0
61028,0,0,0,0,0,0,0,0,0,0,0,0,0,0,0,0,0
61056,0,0,0,0,0,0,0,0,0,0,0,0,0,0,0,0,0
61087,0,0,0,0,0,0,0,0,0,0,0,0,0,0,0,0,0
61117,0,0,0,0,0,0,0,0,0,0,0,0,0,0,0,0,0
61148,0,0,0,0,0,0,0,0,0,0,0,0,0,0,0,0,0
61178,0,0,0,0,0,0,0,0,0,0,0,0,0,0,0,0,0
61209,0,0,0,0,0,0,0,0,0,0,0,0,0,0,0,0,0
61240,0,0,0,0,0,0,0,0,0,0,0,0,0,0,0,0,0
61270,0,0,0,0,0,0,0,0,0,0,0,0,0,0,0,0,0
61301,0,0,0,0,0,0,0,0,0,0,0,0,0,0,0,0,0
61331,0,0,0,0,0,0,0,0,0,0,0,0,0,0,0,0,0
61362,0,0,0,0,0,0,0,0,0,0,0,0,0,0,0,0,0
61393,0,0,0,0,0,0,0,0,0,0,0,0,0,0,0,0,0
61422,0,0,0,0,0,0,0,0,0,0,0,0,0,0,0,0,0
61453,0,0,0,0,0,0,0,0,0,0,0,0,0,0,0,0,0
61483,0,0,0,0,0,0,0,0,0,0,0,0,0,0,0,0,0
61514,0,0,0,0,0,0,0,0,0,0,0,0,0,0,0,0,0
61544,0,0,0,0,0,0,0,0,0,0,0,0,0,0,0,0,0
61575,0,0,0,0,0,0,0,0,0,0,0,0,0,0,0,0,0
61606,0,0,0,0,0,0,0,0,0,0,0,0,0,0,0,0,0
61636,0,0,0,0,0,0,0,0,0,0,0,0,0,0,0,0,0
61667,0,0,0,0,0,0,0,0,0,0,0,0,0,0,0,0,0
61697,0,0,0,0,0,0,0,0,0,0,0,0,0,0,0,0,0
61728,0,0,0,0,0,0,0,0,0,0,0,0,0,0,0,0,0
61759,0,0,0,0,0,0,0,0,0,0,0,0,0,0,0,0,0
61787,0,0,0,0,0,0,0,0,0,0,0,0,0,0,0,0,0
61818,0,0,0,0,0,0,0,0,0,0,0,0,0,0,0,0,0
61848,0,0,0,0,0,0,0,0,0,0,0,0,0,0,0,0,0
61879,0,0,0,0,0,0,0,0,0,0,0,0,0,0,0,0,0
61909,0,0,0,0,0,0,0,0,0,0,0,0,0,0,0,0,0
61940,0,0,0,0,0,0,0,0,0,0,0,0,0,0,0,0,0
61971,0,0,0,0,0,0,0,0,0,0,0,0,0,0,0,0,0
62001,0,0,0,0,0,0,0,0,0,0,0,0,0,0,0,0,0
62032,0,0,0,0,0,0,0,0,0,0,0,0,0,0,0,0,0
62062,0,0,0,0,0,0,0,0,0,0,0,0,0,0,0,0,0
62093,0,0,0,0,0,0,0,0,0,0,0,0,0,0,0,0,0
62124,0,0,0,0,0,0,0,0,0,0,0,0,0,0,0,0,0
62152,0,0,0,0,0,0,0,0,0,0,0,0,0,0,0,0,0
62183,0,0,0,0,0,0,0,0,0,0,0,0,0,0,0,0,0
62213,0,0,0,0,0,0,0,0,0,0,0,0,0,0,0,0,0
62244,0,0,0,0,0,0,0,0,0,0,0,0,0,0,0,0,0
62274,0,0,0,0,0,0,0,0,0,0,0,0,0,0,0,0,0
62305,0,0,0,0,0,0,0,0,0,0,0,0,0,0,0,0,0
62336,0,0,0,0,0,0,0,0,0,0,0,0,0,0,0,0,0
62366,0,0,0,0,0,0,0,0,0,0,0,0,0,0,0,0,0
62397,0,0,0,0,0,0,0,0,0,0,0,0,0,0,0,0,0
62427,0,0,0,0,0,0,0,0,0,0,0,0,0,0,0,0,0
62458,0,0,0,0,0,0,0,0,0,0,0,0,0,0,0,0,0
62489,0,0,0,0,0,0,0,0,0,0,0,0,0,0,0,0,0
62517,0,0,0,0,0,0,0,0,0,0,0,0,0,0,0,0,0
62548,0,0,0,0,0,0,0,0,0,0,0,0,0,0,0,0,0
62578,0,0,0,0,0,0,0,0,0,0,0,0,0,0,0,0,0
62609,0,0,0,0,0,0,0,0,0,0,0,0,0,0,0,0,0
62639,0,0,0,0,0,0,0,0,0,0,0,0,0,0,0,0,0
62670,0,0,0,0,0,0,0,0,0,0,0,0,0,0,0,0,0
62701,0,0,0,0,0,0,0,0,0,0,0,0,0,0,0,0,0
62731,0,0,0,0,0,0,0,0,0,0,0,0,0,0,0,0,0
62762,0,0,0,0,0,0,0,0,0,0,0,0,0,0,0,0,0
62792,0,0,0,0,0,0,0,0,0,0,0,0,0,0,0,0,0
62823,0,0,0,0,0,0,0,0,0,0,0,0,0,0,0,0,0
62854,0,0,0,0,0,0,0,0,0,0,0,0,0,0,0,0,0
62883,0,0,0,0,0,0,0,0,0,0,0,0,0,0,0,0,0
62914,0,0,0,0,0,0,0,0,0,0,0,0,0,0,0,0,0
62944,0,0,0,0,0,0,0,0,0,0,0,0,0,0,0,0,0
62975,0,0,0,0,0,0,0,0,0,0,0,0,0,0,0,0,0
63005,0,0,0,0,0,0,0,0,0,0,0,0,0,0,0,0,0
63036,0,0,0,0,0,0,0,0,0,0,0,0,0,0,0,0,0
63067,0,0,0,0,0,0,0,0,0,0,0,0,0,0,0,0,0
63097,0,0,0,0,0,0,0,0,0,0,0,0,0,0,0,0,0
63128,0,0,0,0,0,0,0,0,0,0,0,0,0,0,0,0,0
63158,0,0,0,0,0,0,0,0,0,0,0,0,0,0,0,0,0
63189,0,0,0,0,0,0,0,0,0,0,0,0,0,0,0,0,0
63220,0,0,0,0,0,0,0,0,0,0,0,0,0,0,0,0,0
63248,0,0,0,0,0,0,0,0,0,0,0,0,0,0,0,0,0
63279,0,0,0,0,0,0,0,0,0,0,0,0,0,0,0,0,0
63309,0,0,0,0,0,0,0,0,0,0,0,0,0,0,0,0,0
63340,0,0,0,0,0,0,0,0,0,0,0,0,0,0,0,0,0
63370,0,0,0,0,0,0,0,0,0,0,0,0,0,0,0,0,0
63401,0,0,0,0,0,0,0,0,0,0,0,0,0,0,0,0,0
63432,0,0,0,0,0,0,0,0,0,0,0,0,0,0,0,0,0
63462,0,0,0,0,0,0,0,0,0,0,0,0,0,0,0,0,0
63493,0,0,0,0,0,0,0,0,0,0,0,0,0,0,0,0,0
63523,0,0,0,0,0,0,0,0,0,0,0,0,0,0,0,0,0
63554,0,0,0,0,0,0,0,0,0,0,0,0,0,0,0,0,0
63585,0,0,0,0,0,0,0,0,0,0,0,0,0,0,0,0,0
63613,0,0,0,0,0,0,0,0,0,0,0,0,0,0,0,0,0
63644,0,0,0,0,0,0,0,0,0,0,0,0,0,0,0,0,0
63674,0,0,0,0,0,0,0,0,0,0,0,0,0,0,0,0,0
63705,0,0,0,0,0,0,0,0,0,0,0,0,0,0,0,0,0
63735,0,0,0,0,0,0,0,0,0,0,0,0,0,0,0,0,0
63766,0,0,0,0,0,0,0,0,0,0,0,0,0,0,0,0,0
63797,0,0,0,0,0,0,0,0,0,0,0,0,0,0,0,0,0
63827,0,0,0,0,0,0,0,0,0,0,0,0,0,0,0,0,0
63858,0,0,0,0,0,0,0,0,0,0,0,0,0,0,0,0,0
63888,0,0,0,0,0,0,0,0,0,0,0,0,0,0,0,0,0
63919,0,0,0,0,0,0,0,0,0,0,0,0,0,0,0,0,0
63950,0,0,0,0,0,0,0,0,0,0,0,0,0,0,0,0,0
63978,0,0,0,0,0,0,0,0,0,0,0,0,0,0,0,0,0
64009,0,0,0,0,0,0,0,0,0,0,0,0,0,0,0,0,0
64039,0,0,0,0,0,0,0,0,0,0,0,0,0,0,0,0,0
64070,0,0,0,0,0,0,0,0,0,0,0,0,0,0,0,0,0
64100,0,0,0,0,0,0,0,0,0,0,0,0,0,0,0,0,0
64131,0,0,0,0,0,0,0,0,0,0,0,0,0,0,0,0,0
64162,0,0,0,0,0,0,0,0,0,0,0,0,0,0,0,0,0
64192,0,0,0,0,0,0,0,0,0,0,0,0,0,0,0,0,0
64223,0,0,0,0,0,0,0,0,0,0,0,0,0,0,0,0,0
64253,0,0,0,0,0,0,0,0,0,0,0,0,0,0,0,0,0
64284,0,0,0,0,0,0,0,0,0,0,0,0,0,0,0,0,0
64315,0,0,0,0,0,0,0,0,0,0,0,0,0,0,0,0,0
64344,0,0,0,0,0,0,0,0,0,0,0,0,0,0,0,0,0
64375,0,0,0,0,0,0,0,0,0,0,0,0,0,0,0,0,0
64405,0,0,0,0,0,0,0,0,0,0,0,0,0,0,0,0,0
64436,0,0,0,0,0,0,0,0,0,0,0,0,0,0,0,0,0
64466,0,0,0,0,0,0,0,0,0,0,0,0,0,0,0,0,0
64497,0,0,0,0,0,0,0,0,0,0,0,0,0,0,0,0,0
64528,0,0,0,0,0,0,0,0,0,0,0,0,0,0,0,0,0
64558,0,0,0,0,0,0,0,0,0,0,0,0,0,0,0,0,0
64589,0,0,0,0,0,0,0,0,0,0,0,0,0,0,0,0,0
64619,0,0,0,0,0,0,0,0,0,0,0,0,0,0,0,0,0
64650,0,0,0,0,0,0,0,0,0,0,0,0,0,0,0,0,0
64681,0,0,0,0,0,0,0,0,0,0,0,0,0,0,0,0,0
64709,0,0,0,0,0,0,0,0,0,0,0,0,0,0,0,0,0
64740,0,0,0,0,0,0,0,0,0,0,0,0,0,0,0,0,0
64770,0,0,0,0,0,0,0,0,0,0,0,0,0,0,0,0,0
64801,0,0,0,0,0,0,0,0,0,0,0,0,0,0,0,0,0
64831,0,0,0,0,0,0,0,0,0,0,0,0,0,0,0,0,0
64862,0,0,0,0,0,0,0,0,0,0,0,0,0,0,0,0,0
64893,0,0,0,0,0,0,0,0,0,0,0,0,0,0,0,0,0
64923,0,0,0,0,0,0,0,0,0,0,0,0,0,0,0,0,0
64954,0,0,0,0,0,0,0,0,0,0,0,0,0,0,0,0,0
64984,0,0,0,0,0,0,0,0,0,0,0,0,0,0,0,0,0
65015,0,0,0,0,0,0,0,0,0,0,0,0,0,0,0,0,0
65046,0,0,0,0,0,0,0,0,0,0,0,0,0,0,0,0,0
65074,0,0,0,0,0,0,0,0,0,0,0,0,0,0,0,0,0
65105,0,0,0,0,0,0,0,0,0,0,0,0,0,0,0,0,0
65135,0,0,0,0,0,0,0,0,0,0,0,0,0,0,0,0,0
65166,0,0,0,0,0,0,0,0,0,0,0,0,0,0,0,0,0
65196,0,0,0,0,0,0,0,0,0,0,0,0,0,0,0,0,0
65227,0,0,0,0,0,0,0,0,0,0,0,0,0,0,0,0,0
65258,0,0,0,0,0,0,0,0,0,0,0,0,0,0,0,0,0
65288,0,0,0,0,0,0,0,0,0,0,0,0,0,0,0,0,0
65319,0,0,0,0,0,0,0,0,0,0,0,0,0,0,0,0,0
65349,0,0,0,0,0,0,0,0,0,0,0,0,0,0,0,0,0
65380,0,0,0,0,0,0,0,0,0,0,0,0,0,0,0,0,0
65411,0,0,0,0,0,0,0,0,0,0,0,0,0,0,0,0,0
65439,0,0,0,0,0,0,0,0,0,0,0,0,0,0,0,0,0
65470,0,0,0,0,0,0,0,0,0,0,0,0,0,0,0,0,0
65500,0,0,0,0,0,0,0,0,0,0,0,0,0,0,0,0,0
65531,0,0,0,0,0,0,0,0,0,0,0,0,0,0,0,0,0
65561,0,0,0,0,0,0,0,0,0,0,0,0,0,0,0,0,0
65592,0,0,0,0,0,0,0,0,0,0,0,0,0,0,0,0,0
65623,0,0,0,0,0,0,0,0,0,0,0,0,0,0,0,0,0
65653,0,0,0,0,0,0,0,0,0,0,0,0,0,0,0,0,0
65684,0,0,0,0,0,0,0,0,0,0,0,0,0,0,0,0,0
65714,0,0,0,0,0,0,0,0,0,0,0,0,0,0,0,0,0
65745,0,0,0,0,0,0,0,0,0,0,0,0,0,0,0,0,0
65776,0,0,0,0,0,0,0,0,0,0,0,0,0,0,0,0,0
65805,0,0,0,0,0,0,0,0,0,0,0,0,0,0,0,0,0
65836,0,0,0,0,0,0,0,0,0,0,0,0,0,0,0,0,0
65866,0,0,0,0,0,0,0,0,0,0,0,0,0,0,0,0,0
65897,0,0,0,0,0,0,0,0,0,0,0,0,0,0,0,0,0
65927,0,0,0,0,0,0,0,0,0,0,0,0,0,0,0,0,0
65958,0,0,0,0,0,0,0,0,0,0,0,0,0,0,0,0,0
65989,0,0,0,0,0,0,0,0,0,0,0,0,0,0,0,0,0
66019,0,0,0,0,0,0,0,0,0,0,0,0,0,0,0,0,0
66050,0,0,0,0,0,0,0,0,0,0,0,0,0,0,0,0,0
66080,0,0,0,0,0,0,0,0,0,0,0,0,0,0,0,0,0
66111,0,0,0,0,0,0,0,0,0,0,0,0,0,0,0,0,0
66142,0,0,0,0,0,0,0,0,0,0,0,0,0,0,0,0,0
66170,0,0,0,0,0,0,0,0,0,0,0,0,0,0,0,0,0
66201,0,0,0,0,0,0,0,0,0,0,0,0,0,0,0,0,0
66231,0,0,0,0,0,0,0,0,0,0,0,0,0,0,0,0,0
66262,0,0,0,0,0,0,0,0,0,0,0,0,0,0,0,0,0
66292,0,0,0,0,0,0,0,0,0,0,0,0,0,0,0,0,0
66323,0,0,0,0,0,0,0,0,0,0,0,0,0,0,0,0,0
66354,0,0,0,0,0,0,0,0,0,0,0,0,0,0,0,0,0
66384,0,0,0,0,0,0,0,0,0,0,0,0,0,0,0,0,0
66415,0,0,0,0,0,0,0,0,0,0,0,0,0,0,0,0,0
66445,0,0,0,0,0,0,0,0,0,0,0,0,0,0,0,0,0
66476,0,0,0,0,0,0,0,0,0,0,0,0,0,0,0,0,0
66507,0,0,0,0,0,0,0,0,0,0,0,0,0,0,0,0,0
66535,0,0,0,0,0,0,0,0,0,0,0,0,0,0,0,0,0
66566,0,0,0,0,0,0,0,0,0,0,0,0,0,0,0,0,0
66596,0,0,0,0,0,0,0,0,0,0,0,0,0,0,0,0,0
66627,0,0,0,0,0,0,0,0,0,0,0,0,0,0,0,0,0
66657,0,0,0,0,0,0,0,0,0,0,0,0,0,0,0,0,0
66688,0,0,0,0,0,0,0,0,0,0,0,0,0,0,0,0,0
66719,0,0,0,0,0,0,0,0,0,0,0,0,0,0,0,0,0
66749,0,0,0,0,0,0,0,0,0,0,0,0,0,0,0,0,0
66780,0,0,0,0,0,0,0,0,0,0,0,0,0,0,0,0,0
66810,0,0,0,0,0,0,0,0,0,0,0,0,0,0,0,0,0
66841,0,0,0,0,0,0,0,0,0,0,0,0,0,0,0,0,0
66872,0,0,0,0,0,0,0,0,0,0,0,0,0,0,0,0,0
66900,0,0,0,0,0,0,0,0,0,0,0,0,0,0,0,0,0
66931,0,0,0,0,0,0,0,0,0,0,0,0,0,0,0,0,0
66961,0,0,0,0,0,0,0,0,0,0,0,0,0,0,0,0,0
66992,0,0,0,0,0,0,0,0,0,0,0,0,0,0,0,0,0
67022,0,0,0,0,0,0,0,0,0,0,0,0,0,0,0,0,0
67053,0,0,0,0,0,0,0,0,0,0,0,0,0,0,0,0,0
67084,0,0,0,0,0,0,0,0,0,0,0,0,0,0,0,0,0
67114,0,0,0,0,0,0,0,0,0,0,0,0,0,0,0,0,0
67145,0,0,0,0,0,0,0,0,0,0,0,0,0,0,0,0,0
67175,0,0,0,0,0,0,0,0,0,0,0,0,0,0,0,0,0
67206,0,0,0,0,0,0,0,0,0,0,0,0,0,0,0,0,0
67237,0,0,0,0,0,0,0,0,0,0,0,0,0,0,0,0,0
67266,0,0,0,0,0,0,0,0,0,0,0,0,0,0,0,0,0
67297,0,0,0,0,0,0,0,0,0,0,0,0,0,0,0,0,0
67327,0,0,0,0,0,0,0,0,0,0,0,0,0,0,0,0,0
67358,0,0,0,0,0,0,0,0,0,0,0,0,0,0,0,0,0
67388,0,0,0,0,0,0,0,0,0,0,0,0,0,0,0,0,0
67419,0,0,0,0,0,0,0,0,0,0,0,0,0,0,0,0,0
67450,0,0,0,0,0,0,0,0,0,0,0,0,0,0,0,0,0
67480,0,0,0,0,0,0,0,0,0,0,0,0,0,0,0,0,0
67511,0,0,0,0,0,0,0,0,0,0,0,0,0,0,0,0,0
67541,0,0,0,0,0,0,0,0,0,0,0,0,0,0,0,0,0
67572,0,0,0,0,0,0,0,0,0,0,0,0,0,0,0,0,0
67603,0,0,0,0,0,0,0,0,0,0,0,0,0,0,0,0,0
67631,0,0,0,0,0,0,0,0,0,0,0,0,0,0,0,0,0
67662,0,0,0,0,0,0,0,0,0,0,0,0,0,0,0,0,0
67692,0,0,0,0,0,0,0,0,0,0,0,0,0,0,0,0,0
67723,0,0,0,0,0,0,0,0,0,0,0,0,0,0,0,0,0
67753,0,0,0,0,0,0,0,0,0,0,0,0,0,0,0,0,0
67784,0,0,0,0,0,0,0,0,0,0,0,0,0,0,0,0,0
67815,0,0,0,0,0,0,0,0,0,0,0,0,0,0,0,0,0
67845,0,0,0,0,0,0,0,0,0,0,0,0,0,0,0,0,0
67876,0,0,0,0,0,0,0,0,0,0,0,0,0,0,0,0,0
67906,0,0,0,0,0,0,0,0,0,0,0,0,0,0,0,0,0
67937,0,0,0,0,0,0,0,0,0,0,0,0,0,0,0,0,0
67968,0,0,0,0,0,0,0,0,0,0,0,0,0,0,0,0,0
67996,0,0,0,0,0,0,0,0,0,0,0,0,0,0,0,0,0
68027,0,0,0,0,0,0,0,0,0,0,0,0,0,0,0,0,0
68057,0,0,0,0,0,0,0,0,0,0,0,0,0,0,0,0,0
68088,0,0,0,0,0,0,0,0,0,0,0,0,0,0,0,0,0
68118,0,0,0,0,0,0,0,0,0,0,0,0,0,0,0,0,0
68149,0,0,0,0,0,0,0,0,0,0,0,0,0,0,0,0,0
68180,0,0,0,0,0,0,0,0,0,0,0,0,0,0,0,0,0
68210,0,0,0,0,0,0,0,0,0,0,0,0,0,0,0,0,0
68241,0,0,0,0,0,0,0,0,0,0,0,0,0,0,0,0,0
68271,0,0,0,0,0,0,0,0,0,0,0,0,0,0,0,0,0
68302,0,0,0,0,0,0,0,0,0,0,0,0,0,0,0,0,0
68333,0,0,0,0,0,0,0,0,0,0,0,0,0,0,0,0,0
68361,0,0,0,0,0,0,0,0,0,0,0,0,0,0,0,0,0
68392,0,0,0,0,0,0,0,0,0,0,0,0,0,0,0,0,0
68422,0,0,0,0,0,0,0,0,0,0,0,0,0,0,0,0,0
68453,0,0,0,0,0,0,0,0,0,0,0,0,0,0,0,0,0
68483,0,0,0,0,0,0,0,0,0,0,0,0,0,0,0,0,0
68514,0,0,0,0,0,0,0,0,0,0,0,0,0,0,0,0,0
68545,0,0,0,0,0,0,0,0,0,0,0,0,0,0,0,0,0
68575,0,0,0,0,0,0,0,0,0,0,0,0,0,0,0,0,0
68606,0,0,0,0,0,0,0,0,0,0,0,0,0,0,0,0,0
68636,0,0,0,0,0,0,0,0,0,0,0,0,0,0,0,0,0
68667,0,0,0,0,0,0,0,0,0,0,0,0,0,0,0,0,0
68698,0,0,0,0,0,0,0,0,0,0,0,0,0,0,0,0,0
68727,0,0,0,0,0,0,0,0,0,0,0,0,0,0,0,0,0
68758,0,0,0,0,0,0,0,0,0,0,0,0,0,0,0,0,0
68788,0,0,0,0,0,0,0,0,0,0,0,0,0,0,0,0,0
68819,0,0,0,0,0,0,0,0,0,0,0,0,0,0,0,0,0
68849,0,0,0,0,0,0,0,0,0,0,0,0,0,0,0,0,0
68880,0,0,0,0,0,0,0,0,0,0,0,0,0,0,0,0,0
68911,0,0,0,0,0,0,0,0,0,0,0,0,0,0,0,0,0
68941,0,0,0,0,0,0,0,0,0,0,0,0,0,0,0,0,0
68972,0,0,0,0,0,0,0,0,0,0,0,0,0,0,0,0,0
69002,0,0,0,0,0,0,0,0,0,0,0,0,0,0,0,0,0
69033,0,0,0,0,0,0,0,0,0,0,0,0,0,0,0,0,0
69064,0,0,0,0,0,0,0,0,0,0,0,0,0,0,0,0,0
69092,0,0,0,0,0,0,0,0,0,0,0,0,0,0,0,0,0
69123,0,0,0,0,0,0,0,0,0,0,0,0,0,0,0,0,0
69153,0,0,0,0,0,0,0,0,0,0,0,0,0,0,0,0,0
69184,0,0,0,0,0,0,0,0,0,0,0,0,0,0,0,0,0
69214,0,0,0,0,0,0,0,0,0,0,0,0,0,0,0,0,0
69245,0,0,0,0,0,0,0,0,0,0,0,0,0,0,0,0,0
69276,0,0,0,0,0,0,0,0,0,0,0,0,0,0,0,0,0
69306,0,0,0,0,0,0,0,0,0,0,0,0,0,0,0,0,0
69337,0,0,0,0,0,0,0,0,0,0,0,0,0,0,0,0,0
69367,0,0,0,0,0,0,0,0,0,0,0,0,0,0,0,0,0
69398,0,0,0,0,0,0,0,0,0,0,0,0,0,0,0,0,0
69429,0,0,0,0,0,0,0,0,0,0,0,0,0,0,0,0,0
69457,0,0,0,0,0,0,0,0,0,0,0,0,0,0,0,0,0
69488,0,0,0,0,0,0,0,0,0,0,0,0,0,0,0,0,0
69518,0,0,0,0,0,0,0,0,0,0,0,0,0,0,0,0,0
69549,0,0,0,0,0,0,0,0,0,0,0,0,0,0,0,0,0
69579,0,0,0,0,0,0,0,0,0,0,0,0,0,0,0,0,0
69610,0,0,0,0,0,0,0,0,0,0,0,0,0,0,0,0,0
69641,0,0,0,0,0,0,0,0,0,0,0,0,0,0,0,0,0
69671,0,0,0,0,0,0,0,0,0,0,0,0,0,0,0,0,0
69702,0,0,0,0,0,0,0,0,0,0,0,0,0,0,0,0,0
69732,0,0,0,0,0,0,0,0,0,0,0,0,0,0,0,0,0
69763,0,0,0,0,0,0,0,0,0,0,0,0,0,0,0,0,0
69794,0,0,0,0,0,0,0,0,0,0,0,0,0,0,0,0,0
69822,0,0,0,0,0,0,0,0,0,0,0,0,0,0,0,0,0
69853,0,0,0,0,0,0,0,0,0,0,0,0,0,0,0,0,0
69883,0,0,0,0,0,0,0,0,0,0,0,0,0,0,0,0,0
69914,0,0,0,0,0,0,0,0,0,0,0,0,0,0,0,0,0
69944,0,0,0,0,0,0,0,0,0,0,0,0,0,0,0,0,0
69975,0,0,0,0,0,0,0,0,0,0,0,0,0,0,0,0,0
70006,0,0,0,0,0,0,0,0,0,0,0,0,0,0,0,0,0
70036,0,0,0,0,0,0,0,0,0,0,0,0,0,0,0,0,0
70067,0,0,0,0,0,0,0,0,0,0,0,0,0,0,0,0,0
70097,0,0,0,0,0,0,0,0,0,0,0,0,0,0,0,0,0
70128,0,0,0,0,0,0,0,0,0,0,0,0,0,0,0,0,0
70159,0,0,0,0,0,0,0,0,0,0,0,0,0,0,0,0,0
70188,0,0,0,0,0,0,0,0,0,0,0,0,0,0,0,0,0
70219,0,0,0,0,0,0,0,0,0,0,0,0,0,0,0,0,0
70249,0,0,0,0,0,0,0,0,0,0,0,0,0,0,0,0,0
70280,0,0,0,0,0,0,0,0,0,0,0,0,0,0,0,0,0
70310,0,0,0,0,0,0,0,0,0,0,0,0,0,0,0,0,0
70341,0,0,0,0,0,0,0,0,0,0,0,0,0,0,0,0,0
70372,0,0,0,0,0,0,0,0,0,0,0,0,0,0,0,0,0
70402,0,0,0,0,0,0,0,0,0,0,0,0,0,0,0,0,0
70433,0,0,0,0,0,0,0,0,0,0,0,0,0,0,0,0,0
70463,0,0,0,0,0,0,0,0,0,0,0,0,0,0,0,0,0
70494,0,0,0,0,0,0,0,0,0,0,0,0,0,0,0,0,0
70525,0,0,0,0,0,0,0,0,0,0,0,0,0,0,0,0,0
70553,0,0,0,0,0,0,0,0,0,0,0,0,0,0,0,0,0
70584,0,0,0,0,0,0,0,0,0,0,0,0,0,0,0,0,0
70614,0,0,0,0,0,0,0,0,0,0,0,0,0,0,0,0,0
70645,0,0,0,0,0,0,0,0,0,0,0,0,0,0,0,0,0
70675,0,0,0,0,0,0,0,0,0,0,0,0,0,0,0,0,0
70706,0,0,0,0,0,0,0,0,0,0,0,0,0,0,0,0,0
70737,0,0,0,0,0,0,0,0,0,0,0,0,0,0,0,0,0
70767,0,0,0,0,0,0,0,0,0,0,0,0,0,0,0,0,0
70798,0,0,0,0,0,0,0,0,0,0,0,0,0,0,0,0,0
70828,0,0,0,0,0,0,0,0,0,0,0,0,0,0,0,0,0
70859,0,0,0,0,0,0,0,0,0,0,0,0,0,0,0,0,0
70890,0,0,0,0,0,0,0,0,0,0,0,0,0,0,0,0,0
70918,0,0,0,0,0,0,0,0,0,0,0,0,0,0,0,0,0
70949,0,0,0,0,0,0,0,0,0,0,0,0,0,0,0,0,0
70979,0,0,0,0,0,0,0,0,0,0,0,0,0,0,0,0,0
71010,0,0,0,0,0,0,0,0,0,0,0,0,0,0,0,0,0
71040,0,0,0,0,0,0,0,0,0,0,0,0,0,0,0,0,0
71071,0,0,0,0,0,0,0,0,0,0,0,0,0,0,0,0,0
71102,0,0,0,0,0,0,0,0,0,0,0,0,0,0,0,0,0
71132,0,0,0,0,0,0,0,0,0,0,0,0,0,0,0,0,0
71163,0,0,0,0,0,0,0,0,0,0,0,0,0,0,0,0,0
71193,0,0,0,0,0,0,0,0,0,0,0,0,0,0,0,0,0
71224,0,0,0,0,0,0,0,0,0,0,0,0,0,0,0,0,0
71255,0,0,0,0,0,0,0,0,0,0,0,0,0,0,0,0,0
71283,0,0,0,0,0,0,0,0,0,0,0,0,0,0,0,0,0
71314,0,0,0,0,0,0,0,0,0,0,0,0,0,0,0,0,0
71344,0,0,0,0,0,0,0,0,0,0,0,0,0,0,0,0,0
71375,0,0,0,0,0,0,0,0,0,0,0,0,0,0,0,0,0
71405,0,0,0,0,0,0,0,0,0,0,0,0,0,0,0,0,0
71436,0,0,0,0,0,0,0,0,0,0,0,0,0,0,0,0,0
71467,0,0,0,0,0,0,0,0,0,0,0,0,0,0,0,0,0
71497,0,0,0,0,0,0,0,0,0,0,0,0,0,0,0,0,0
71528,0,0,0,0,0,0,0,0,0,0,0,0,0,0,0,0,0
71558,0,0,0,0,0,0,0,0,0,0,0,0,0,0,0,0,0
71589,0,0,0,0,0,0,0,0,0,0,0,0,0,0,0,0,0
71620,0,0,0,0,0,0,0,0,0,0,0,0,0,0,0,0,0
71649,0,0,0,0,0,0,0,0,0,0,0,0,0,0,0,0,0
71680,0,0,0,0,0,0,0,0,0,0,0,0,0,0,0,0,0
71710,0,0,0,0,0,0,0,0,0,0,0,0,0,0,0,0,0
71741,0,0,0,0,0,0,0,0,0,0,0,0,0,0,0,0,0
71771,0,0,0,0,0,0,0,0,0,0,0,0,0,0,0,0,0
71802,0,0,0,0,0,0,0,0,0,0,0,0,0,0,0,0,0
71833,0,0,0,0,0,0,0,0,0,0,0,0,0,0,0,0,0
71863,0,0,0,0,0,0,0,0,0,0,0,0,0,0,0,0,0
71894,0,0,0,0,0,0,0,0,0,0,0,0,0,0,0,0,0
71924,0,0,0,0,0,0,0,0,0,0,0,0,0,0,0,0,0
71955,0,0,0,0,0,0,0,0,0,0,0,0,0,0,0,0,0
71986,0,0,0,0,0,0,0,0,0,0,0,0,0,0,0,0,0
72014,0,0,0,0,0,0,0,0,0,0,0,0,0,0,0,0,0
72045,0,0,0,0,0,0,0,0,0,0,0,0,0,0,0,0,0
72075,0,0,0,0,0,0,0,0,0,0,0,0,0,0,0,0,0
72106,0,0,0,0,0,0,0,0,0,0,0,0,0,0,0,0,0
72136,0,0,0,0,0,0,0,0,0,0,0,0,0,0,0,0,0
72167,0,0,0,0,0,0,0,0,0,0,0,0,0,0,0,0,0
72198,0,0,0,0,0,0,0,0,0,0,0,0,0,0,0,0,0
72228,0,0,0,0,0,0,0,0,0,0,0,0,0,0,0,0,0
72259,0,0,0,0,0,0,0,0,0,0,0,0,0,0,0,0,0
72289,0,0,0,0,0,0,0,0,0,0,0,0,0,0,0,0,0
72320,0,0,0,0,0,0,0,0,0,0,0,0,0,0,0,0,0
72351,0,0,0,0,0,0,0,0,0,0,0,0,0,0,0,0,0
72379,0,0,0,0,0,0,0,0,0,0,0,0,0,0,0,0,0
72410,0,0,0,0,0,0,0,0,0,0,0,0,0,0,0,0,0
72440,0,0,0,0,0,0,0,0,0,0,0,0,0,0,0,0,0
72471,0,0,0,0,0,0,0,0,0,0,0,0,0,0,0,0,0
72501,0,0,0,0,0,0,0,0,0,0,0,0,0,0,0,0,0
72532,0,0,0,0,0,0,0,0,0,0,0,0,0,0,0,0,0
72563,0,0,0,0,0,0,0,0,0,0,0,0,0,0,0,0,0
72593,0,0,0,0,0,0,0,0,0,0,0,0,0,0,0,0,0
72624,0,0,0,0,0,0,0,0,0,0,0,0,0,0,0,0,0
72654,0,0,0,0,0,0,0,0,0,0,0,0,0,0,0,0,0
72685,0,0,0,0,0,0,0,0,0,0,0,0,0,0,0,0,0
72716,0,0,0,0,0,0,0,0,0,0,0,0,0,0,0,0,0
72744,0,0,0,0,0,0,0,0,0,0,0,0,0,0,0,0,0
72775,0,0,0,0,0,0,0,0,0,0,0,0,0,0,0,0,0
72805,0,0,0,0,0,0,0,0,0,0,0,0,0,0,0,0,0
72836,0,0,0,0,0,0,0,0,0,0,0,0,0,0,0,0,0
72866,0,0,0,0,0,0,0,0,0,0,0,0,0,0,0,0,0
72897,0,0,0,0,0,0,0,0,0,0,0,0,0,0,0,0,0
72928,0,0,0,0,0,0,0,0,0,0,0,0,0,0,0,0,0
72958,0,0,0,0,0,0,0,0,0,0,0,0,0,0,0,0,0
72989,0,0,0,0,0,0,0,0,0,0,0,0,0,0,0,0,0
73019,0,0,0,0,0,0,0,0,0,0,0,0,0,0,0,0,0
73050,0,0,0,0,0,0,0,0,0,0,0,0,0,0,0,0,0
73081,0,0,0,0,0,0,0,0,0,0,0,0,0,0,0,0,0
73109,0,0,0,0,0,0,0,0,0,0,0,0,0,0,0,0,0
73140,0,0,0,0,0,0,0,0,0,0,0,0,0,0,0,0,0
73170,0,0,0,0,0,0,0,0,0,0,0,0,0,0,0,0,0
73201,0,0,0,0,0,0,0,0,0,0,0,0,0,0,0,0,0
73231,0,0,0,0,0,0,0,0,0,0,0,0,0,0,0,0,0
73262,0,0,0,0,0,0,0,0,0,0,0,0,0,0,0,0,0
73293,0,0,0,0,0,0,0,0,0,0,0,0,0,0,0,0,0
73323,0,0,0,0,0,0,0,0,0,0,0,0,0,0,0,0,0
73354,0,0,0,0,0,0,0,0,0,0,0,0,0,0,0,0,0
73384,0,0,0,0,0,0,0,0,0,0,0,0,0,0,0,0,0
73415,0,0,0,0,0,0,0,0,0,0,0,0,0,0,0,0,0
73446,0,0,0,0,0,0,0,0,0,0,0,0,0,0,0,0,0
73474,0,0,0,0,0,0,0,0,0,0,0,0,0,0,0,0,0
73505,0,0,0,0,0,0,0,0,0,0,0,0,0,0,0,0,0
73535,0,0,0,0,0,0,0,0,0,0,0,0,0,0,0,0,0
73566,0,0,0,0,0,0,0,0,0,0,0,0,0,0,0,0,0
73596,0,0,0,0,0,0,0,0,0,0,0,0,0,0,0,0,0
73627,0,0,0,0,0,0,0,0,0,0,0,0,0,0,0,0,0
73658,0,0,0,0,0,0,0,0,0,0,0,0,0,0,0,0,0
73688,0,0,0,0,0,0,0,0,0,0,0,0,0,0,0,0,0
73719,0,0,0,0,0,0,0,0,0,0,0,0,0,0,0,0,0
73749,0,0,0,0,0,0,0,0,0,0,0,0,0,0,0,0,0
73780,0,0,0,0,0,0,0,0,0,0,0,0,0,0,0,0,0
73811,0,0,0,0,0,0,0,0,0,0,0,0,0,0,0,0,0
73839,0,0,0,0,0,0,0,0,0,0,0,0,0,0,0,0,0
73870,0,0,0,0,0,0,0,0,0,0,0,0,0,0,0,0,0
73900,0,0,0,0,0,0,0,0,0,0,0,0,0,0,0,0,0
73931,0,0,0,0,0,0,0,0,0,0,0,0,0,0,0,0,0
73961,0,0,0,0,0,0,0,0,0,0,0,0,0,0,0,0,0
73992,0,0,0,0,0,0,0,0,0,0,0,0,0,0,0,0,0
74023,0,0,0,0,0,0,0,0,0,0,0,0,0,0,0,0,0
74053,0,0,0,0,0,0,0,0,0,0,0,0,0,0,0,0,0
74084,0,0,0,0,0,0,0,0,0,0,0,0,0,0,0,0,0
74114,0,0,0,0,0,0,0,0,0,0,0,0,0,0,0,0,0
74145,0,0,0,0,0,0,0,0,0,0,0,0,0,0,0,0,0
74176,0,0,0,0,0,0,0,0,0,0,0,0,0,0,0,0,0
74204,0,0,0,0,0,0,0,0,0,0,0,0,0,0,0,0,0
74235,0,0,0,0,0,0,0,0,0,0,0,0,0,0,0,0,0
74265,0,0,0,0,0,0,0,0,0,0,0,0,0,0,0,0,0
74296,0,0,0,0,0,0,0,0,0,0,0,0,0,0,0,0,0
74326,0,0,0,0,0,0,0,0,0,0,0,0,0,0,0,0,0
74357,0,0,0,0,0,0,0,0,0,0,0,0,0,0,0,0,0
74388,0,0,0,0,0,0,0,0,0,0,0,0,0,0,0,0,0
74418,0,0,0,0,0,0,0,0,0,0,0,0,0,0,0,0,0
74449,0,0,0,0,0,0,0,0,0,0,0,0,0,0,0,0,0
74479,0,0,0,0,0,0,0,0,0,0,0,0,0,0,0,0,0
74510,0,0,0,0,0,0,0,0,0,0,0,0,0,0,0,0,0
74541,0,0,0,0,0,0,0,0,0,0,0,0,0,0,0,0,0
74570,0,0,0,0,0,0,0,0,0,0,0,0,0,0,0,0,0
74601,0,0,0,0,0,0,0,0,0,0,0,0,0,0,0,0,0
74631,0,0,0,0,0,0,0,0,0,0,0,0,0,0,0,0,0
74662,0,0,0,0,0,0,0,0,0,0,0,0,0,0,0,0,0
74692,0,0,0,0,0,0,0,0,0,0,0,0,0,0,0,0,0
74723,0,0,0,0,0,0,0,0,0,0,0,0,0,0,0,0,0
74754,0,0,0,0,0,0,0,0,0,0,0,0,0,0,0,0,0
74784,0,0,0,0,0,0,0,0,0,0,0,0,0,0,0,0,0
74815,0,0,0,0,0,0,0,0,0,0,0,0,0,0,0,0,0
74845,0,0,0,0,0,0,0,0,0,0,0,0,0,0,0,0,0
74876,0,0,0,0,0,0,0,0,0,0,0,0,0,0,0,0,0
74907,0,0,0,0,0,0,0,0,0,0,0,0,0,0,0,0,0
74935,0,0,0,0,0,0,0,0,0,0,0,0,0,0,0,0,0
74966,0,0,0,0,0,0,0,0,0,0,0,0,0,0,0,0,0
74996,0,0,0,0,0,0,0,0,0,0,0,0,0,0,0,0,0
75027,0,0,0,0,0,0,0,0,0,0,0,0,0,0,0,0,0
75057,0,0,0,0,0,0,0,0,0,0,0,0,0,0,0,0,0
75088,0,0,0,0,0,0,0,0,0,0,0,0,0,0,0,0,0
75119,0,0,0,0,0,0,0,0,0,0,0,0,0,0,0,0,0
75149,0,0,0,0,0,0,0,0,0,0,0,0,0,0,0,0,0
75180,0,0,0,0,0,0,0,0,0,0,0,0,0,0,0,0,0
75210,0,0,0,0,0,0,0,0,0,0,0,0,0,0,0,0,0
75241,0,0,0,0,0,0,0,0,0,0,0,0,0,0,0,0,0
75272,0,0,0,0,0,0,0,0,0,0,0,0,0,0,0,0,0
75300,0,0,0,0,0,0,0,0,0,0,0,0,0,0,0,0,0
75331,0,0,0,0,0,0,0,0,0,0,0,0,0,0,0,0,0
75361,0,0,0,0,0,0,0,0,0,0,0,0,0,0,0,0,0
75392,0,0,0,0,0,0,0,0,0,0,0,0,0,0,0,0,0
75422,0,0,0,0,0,0,0,0,0,0,0,0,0,0,0,0,0
75453,0,0,0,0,0,0,0,0,0,0,0,0,0,0,0,0,0
75484,0,0,0,0,0,0,0,0,0,0,0,0,0,0,0,0,0
75514,0,0,0,0,0,0,0,0,0,0,0,0,0,0,0,0,0
75545,0,0,0,0,0,0,0,0,0,0,0,0,0,0,0,0,0
75575,0,0,0,0,0,0,0,0,0,0,0,0,0,0,0,0,0
75606,0,0,0,0,0,0,0,0,0,0,0,0,0,0,0,0,0
75637,0,0,0,0,0,0,0,0,0,0,0,0,0,0,0,0,0
75665,0,0,0,0,0,0,0,0,0,0,0,0,0,0,0,0,0
75696,0,0,0,0,0,0,0,0,0,0,0,0,0,0,0,0,0
75726,0,0,0,0,0,0,0,0,0,0,0,0,0,0,0,0,0
75757,0,0,0,0,0,0,0,0,0,0,0,0,0,0,0,0,0
75787,0,0,0,0,0,0,0,0,0,0,0,0,0,0,0,0,0
75818,0,0,0,0,0,0,0,0,0,0,0,0,0,0,0,0,0
75849,0,0,0,0,0,0,0,0,0,0,0,0,0,0,0,0,0
75879,0,0,0,0,0,0,0,0,0,0,0,0,0,0,0,0,0
75910,0,0,0,0,0,0,0,0,0,0,0,0,0,0,0,0,0
75940,0,0,0,0,0,0,0,0,0,0,0,0,0,0,0,0,0
75971,0,0,0,0,0,0,0,0,0,0,0,0,0,0,0,0,0
76002,0,0,0,0,0,0,0,0,0,0,0,0,0,0,0,0,0
76031,0,0,0,0,0,0,0,0,0,0,0,0,0,0,0,0,0
76062,0,0,0,0,0,0,0,0,0,0,0,0,0,0,0,0,0
76092,0,0,0,0,0,0,0,0,0,0,0,0,0,0,0,0,0
76123,0,0,0,0,0,0,0,0,0,0,0,0,0,0,0,0,0
76153,0,0,0,0,0,0,0,0,0,0,0,0,0,0,0,0,0
76184,0,0,0,0,0,0,0,0,0,0,0,0,0,0,0,0,0
76215,0,0,0,0,0,0,0,0,0,0,0,0,0,0,0,0,0
76245,0,0,0,0,0,0,0,0,0,0,0,0,0,0,0,0,0
76276,0,0,0,0,0,0,0,0,0,0,0,0,0,0,0,0,0
76306,0,0,0,0,0,0,0,0,0,0,0,0,0,0,0,0,0
76337,0,0,0,0,0,0,0,0,0,0,0,0,0,0,0,0,0
76368,0,0,0,0,0,0,0,0,0,0,0,0,0,0,0,0,0
76396,0,0,0,0,0,0,0,0,0,0,0,0,0,0,0,0,0
76427,0,0,0,0,0,0,0,0,0,0,0,0,0,0,0,0,0
76457,0,0,0,0,0,0,0,0,0,0,0,0,0,0,0,0,0
76488,0,0,0,0,0,0,0,0,0,0,0,0,0,0,0,0,0
76518,0,0,0,0,0,0,0,0,0,0,0,0,0,0,0,0,0
76549,0,0,0,0,0,0,0,0,0,0,0,0,0,0,0,0,0
76580,0,0,0,0,0,0,0,0,0,0,0,0,0,0,0,0,0
76610,0,0,0,0,0,0,0,0,0,0,0,0,0,0,0,0,0
76641,0,0,0,0,0,0,0,0,0,0,0,0,0,0,0,0,0
76671,0,0,0,0,0,0,0,0,0,0,0,0,0,0,0,0,0
76702,0,0,0,0,0,0,0,0,0,0,0,0,0,0,0,0,0
76733,0,0,0,0,0,0,0,0,0,0,0,0,0,0,0,0,0
76761,0,0,0,0,0,0,0,0,0,0,0,0,0,0,0,0,0
76792,0,0,0,0,0,0,0,0,0,0,0,0,0,0,0,0,0
76822,0,0,0,0,0,0,0,0,0,0,0,0,0,0,0,0,0
76853,0,0,0,0,0,0,0,0,0,0,0,0,0,0,0,0,0
76883,0,0,0,0,0,0,0,0,0,0,0,0,0,0,0,0,0
76914,0,0,0,0,0,0,0,0,0,0,0,0,0,0,0,0,0
76945,0,0,0,0,0,0,0,0,0,0,0,0,0,0,0,0,0
76975,0,0,0,0,0,0,0,0,0,0,0,0,0,0,0,0,0
77006,0,0,0,0,0,0,0,0,0,0,0,0,0,0,0,0,0
77036,0,0,0,0,0,0,0,0,0,0,0,0,0,0,0,0,0
77067,0,0,0,0,0,0,0,0,0,0,0,0,0,0,0,0,0
77098,0,0,0,0,0,0,0,0,0,0,0,0,0,0,0,0,0
77126,0,0,0,0,0,0,0,0,0,0,0,0,0,0,0,0,0
77157,0,0,0,0,0,0,0,0,0,0,0,0,0,0,0,0,0
77187,0,0,0,0,0,0,0,0,0,0,0,0,0,0,0,0,0
77218,0,0,0,0,0,0,0,0,0,0,0,0,0,0,0,0,0
77248,0,0,0,0,0,0,0,0,0,0,0,0,0,0,0,0,0
77279,0,0,0,0,0,0,0,0,0,0,0,0,0,0,0,0,0
77310,0,0,0,0,0,0,0,0,0,0,0,0,0,0,0,0,0
77340,0,0,0,0,0,0,0,0,0,0,0,0,0,0,0,0,0
77371,0,0,0,0,0,0,0,0,0,0,0,0,0,0,0,0,0
77401,0,0,0,0,0,0,0,0,0,0,0,0,0,0,0,0,0
77432,0,0,0,0,0,0,0,0,0,0,0,0,0,0,0,0,0
77463,0,0,0,0,0,0,0,0,0,0,0,0,0,0,0,0,0
77492,0,0,0,0,0,0,0,0,0,0,0,0,0,0,0,0,0
77523,0,0,0,0,0,0,0,0,0,0,0,0,0,0,0,0,0
77553,0,0,0,0,0,0,0,0,0,0,0,0,0,0,0,0,0
77584,0,0,0,0,0,0,0,0,0,0,0,0,0,0,0,0,0
77614,0,0,0,0,0,0,0,0,0,0,0,0,0,0,0,0,0
77645,0,0,0,0,0,0,0,0,0,0,0,0,0,0,0,0,0
77676,0,0,0,0,0,0,0,0,0,0,0,0,0,0,0,0,0
77706,0,0,0,0,0,0,0,0,0,0,0,0,0,0,0,0,0
77737,0,0,0,0,0,0,0,0,0,0,0,0,0,0,0,0,0
77767,0,0,0,0,0,0,0,0,0,0,0,0,0,0,0,0,0
77798,0,0,0,0,0,0,0,0,0,0,0,0,0,0,0,0,0
77829,0,0,0,0,0,0,0,0,0,0,0,0,0,0,0,0,0
77857,0,0,0,0,0,0,0,0,0,0,0,0,0,0,0,0,0
77888,0,0,0,0,0,0,0,0,0,0,0,0,0,0,0,0,0
77918,0,0,0,0,0,0,0,0,0,0,0,0,0,0,0,0,0
77949,0,0,0,0,0,0,0,0,0,0,0,0,0,0,0,0,0
77979,0,0,0,0,0,0,0,0,0,0,0,0,0,0,0,0,0
78010,0,0,0,0,0,0,0,0,0,0,0,0,0,0,0,0,0
78041,0,0,0,0,0,0,0,0,0,0,0,0,0,0,0,0,0
78071,0,0,0,0,0,0,0,0,0,0,0,0,0,0,0,0,0
78102,0,0,0,0,0,0,0,0,0,0,0,0,0,0,0,0,0
78132,0,0,0,0,0,0,0,0,0,0,0,0,0,0,0,0,0
78163,0,0,0,0,0,0,0,0,0,0,0,0,0,0,0,0,0
78194,0,0,0,0,0,0,0,0,0,0,0,0,0,0,0,0,0
78222,0,0,0,0,0,0,0,0,0,0,0,0,0,0,0,0,0
78253,0,0,0,0,0,0,0,0,0,0,0,0,0,0,0,0,0
78283,0,0,0,0,0,0,0,0,0,0,0,0,0,0,0,0,0
78314,0,0,0,0,0,0,0,0,0,0,0,0,0,0,0,0,0
78344,0,0,0,0,0,0,0,0,0,0,0,0,0,0,0,0,0
78375,0,0,0,0,0,0,0,0,0,0,0,0,0,0,0,0,0
78406,0,0,0,0,0,0,0,0,0,0,0,0,0,0,0,0,0
78436,0,0,0,0,0,0,0,0,0,0,0,0,0,0,0,0,0
78467,0,0,0,0,0,0,0,0,0,0,0,0,0,0,0,0,0
78497,0,0,0,0,0,0,0,0,0,0,0,0,0,0,0,0,0
78528,0,0,0,0,0,0,0,0,0,0,0,0,0,0,0,0,0
78559,0,0,0,0,0,0,0,0,0,0,0,0,0,0,0,0,0
78587,0,0,0,0,0,0,0,0,0,0,0,0,0,0,0,0,0
78618,0,0,0,0,0,0,0,0,0,0,0,0,0,0,0,0,0
78648,0,0,0,0,0,0,0,0,0,0,0,0,0,0,0,0,0
78679,0,0,0,0,0,0,0,0,0,0,0,0,0,0,0,0,0
78709,0,0,0,0,0,0,0,0,0,0,0,0,0,0,0,0,0
78740,0,0,0,0,0,0,0,0,0,0,0,0,0,0,0,0,0
78771,0,0,0,0,0,0,0,0,0,0,0,0,0,0,0,0,0
78801,0,0,0,0,0,0,0,0,0,0,0,0,0,0,0,0,0
78832,0,0,0,0,0,0,0,0,0,0,0,0,0,0,0,0,0
78862,0,0,0,0,0,0,0,0,0,0,0,0,0,0,0,0,0
78893,0,0,0,0,0,0,0,0,0,0,0,0,0,0,0,0,0
78924,0,0,0,0,0,0,0,0,0,0,0,0,0,0,0,0,0
78953,0,0,0,0,0,0,0,0,0,0,0,0,0,0,0,0,0
78984,0,0,0,0,0,0,0,0,0,0,0,0,0,0,0,0,0
79014,0,0,0,0,0,0,0,0,0,0,0,0,0,0,0,0,0
79045,0,0,0,0,0,0,0,0,0,0,0,0,0,0,0,0,0
79075,0,0,0,0,0,0,0,0,0,0,0,0,0,0,0,0,0
79106,0,0,0,0,0,0,0,0,0,0,0,0,0,0,0,0,0
79137,0,0,0,0,0,0,0,0,0,0,0,0,0,0,0,0,0
79167,0,0,0,0,0,0,0,0,0,0,0,0,0,0,0,0,0
79198,0,0,0,0,0,0,0,0,0,0,0,0,0,0,0,0,0
79228,0,0,0,0,0,0,0,0,0,0,0,0,0,0,0,0,0
79259,0,0,0,0,0,0,0,0,0,0,0,0,0,0,0,0,0
79290,0,0,0,0,0,0,0,0,0,0,0,0,0,0,0,0,0
79318,0,0,0,0,0,0,0,0,0,0,0,0,0,0,0,0,0
79349,0,0,0,0,0,0,0,0,0,0,0,0,0,0,0,0,0
79379,0,0,0,0,0,0,0,0,0,0,0,0,0,0,0,0,0
79410,0,0,0,0,0,0,0,0,0,0,0,0,0,0,0,0,0
79440,0,0,0,0,0,0,0,0,0,0,0,0,0,0,0,0,0
79471,0,0,0,0,0,0,0,0,0,0,0,0,0,0,0,0,0
79502,0,0,0,0,0,0,0,0,0,0,0,0,0,0,0,0,0
79532,0,0,0,0,0,0,0,0,0,0,0,0,0,0,0,0,0
79563,0,0,0,0,0,0,0,0,0,0,0,0,0,0,0,0,0
79593,0,0,0,0,0,0,0,0,0,0,0,0,0,0,0,0,0
79624,0,0,0,0,0,0,0,0,0,0,0,0,0,0,0,0,0
79655,0,0,0,0,0,0,0,0,0,0,0,0,0,0,0,0,0
79683,0,0,0,0,0,0,0,0,0,0,0,0,0,0,0,0,0
79714,0,0,0,0,0,0,0,0,0,0,0,0,0,0,0,0,0
79744,0,0,0,0,0,0,0,0,0,0,0,0,0,0,0,0,0
79775,0,0,0,0,0,0,0,0,0,0,0,0,0,0,0,0,0
79805,0,0,0,0,0,0,0,0,0,0,0,0,0,0,0,0,0
79836,0,0,0,0,0,0,0,0,0,0,0,0,0,0,0,0,0
79867,0,0,0,0,0,0,0,0,0,0,0,0,0,0,0,0,0
79897,0,0,0,0,0,0,0,0,0,0,0,0,0,0,0,0,0
79928,0,0,0,0,0,0,0,0,0,0,0,0,0,0,0,0,0
79958,0,0,0,0,0,0,0,0,0,0,0,0,0,0,0,0,0
79989,0,0,0,0,0,0,0,0,0,0,0,0,0,0,0,0,0
80020,0,0,0,0,0,0,0,0,0,0,0,0,0,0,0,0,0
80048,0,0,0,0,0,0,0,0,0,0,0,0,0,0,0,0,0
80079,0,0,0,0,0,0,0,0,0,0,0,0,0,0,0,0,0
80109,0,0,0,0,0,0,0,0,0,0,0,0,0,0,0,0,0
80140,0,0,0,0,0,0,0,0,0,0,0,0,0,0,0,0,0
80170,0,0,0,0,0,0,0,0,0,0,0,0,0,0,0,0,0
80201,0,0,0,0,0,0,0,0,0,0,0,0,0,0,0,0,0
80232,0,0,0,0,0,0,0,0,0,0,0,0,0,0,0,0,0
80262,0,0,0,0,0,0,0,0,0,0,0,0,0,0,0,0,0
80293,0,0,0,0,0,0,0,0,0,0,0,0,0,0,0,0,0
80323,0,0,0,0,0,0,0,0,0,0,0,0,0,0,0,0,0
80354,0,0,0,0,0,0,0,0,0,0,0,0,0,0,0,0,0
80385,0,0,0,0,0,0,0,0,0,0,0,0,0,0,0,0,0
80414,0,0,0,0,0,0,0,0,0,0,0,0,0,0,0,0,0
80445,0,0,0,0,0,0,0,0,0,0,0,0,0,0,0,0,0
80475,0,0,0,0,0,0,0,0,0,0,0,0,0,0,0,0,0
80506,0,0,0,0,0,0,0,0,0,0,0,0,0,0,0,0,0
80536,0,0,0,0,0,0,0,0,0,0,0,0,0,0,0,0,0
80567,0,0,0,0,0,0,0,0,0,0,0,0,0,0,0,0,0
80598,0,0,0,0,0,0,0,0,0,0,0,0,0,0,0,0,0
80628,0,0,0,0,0,0,0,0,0,0,0,0,0,0,0,0,0
80659,0,0,0,0,0,0,0,0,0,0,0,0,0,0,0,0,0
80689,0,0,0,0,0,0,0,0,0,0,0,0,0,0,0,0,0
80720,0,0,0,0,0,0,0,0,0,0,0,0,0,0,0,0,0
80751,0,0,0,0,0,0,0,0,0,0,0,0,0,0,0,0,0
80779,0,0,0,0,0,0,0,0,0,0,0,0,0,0,0,0,0
80810,0,0,0,0,0,0,0,0,0,0,0,0,0,0,0,0,0
80840,0,0,0,0,0,0,0,0,0,0,0,0,0,0,0,0,0
80871,0,0,0,0,0,0,0,0,0,0,0,0,0,0,0,0,0
80901,0,0,0,0,0,0,0,0,0,0,0,0,0,0,0,0,0
80932,0,0,0,0,0,0,0,0,0,0,0,0,0,0,0,0,0
80963,0,0,0,0,0,0,0,0,0,0,0,0,0,0,0,0,0
80993,0,0,0,0,0,0,0,0,0,0,0,0,0,0,0,0,0
81024,0,0,0,0,0,0,0,0,0,0,0,0,0,0,0,0,0
81054,0,0,0,0,0,0,0,0,0,0,0,0,0,0,0,0,0
81085,0,0,0,0,0,0,0,0,0,0,0,0,0,0,0,0,0
81116,0,0,0,0,0,0,0,0,0,0,0,0,0,0,0,0,0
81144,0,0,0,0,0,0,0,0,0,0,0,0,0,0,0,0,0
81175,0,0,0,0,0,0,0,0,0,0,0,0,0,0,0,0,0
81205,0,0,0,0,0,0,0,0,0,0,0,0,0,0,0,0,0
81236,0,0,0,0,0,0,0,0,0,0,0,0,0,0,0,0,0
81266,0,0,0,0,0,0,0,0,0,0,0,0,0,0,0,0,0
81297,0,0,0,0,0,0,0,0,0,0,0,0,0,0,0,0,0
81328,0,0,0,0,0,0,0,0,0,0,0,0,0,0,0,0,0
81358,0,0,0,0,0,0,0,0,0,0,0,0,0,0,0,0,0
81389,0,0,0,0,0,0,0,0,0,0,0,0,0,0,0,0,0
81419,0,0,0,0,0,0,0,0,0,0,0,0,0,0,0,0,0
81450,0,0,0,0,0,0,0,0,0,0,0,0,0,0,0,0,0
81481,0,0,0,0,0,0,0,0,0,0,0,0,0,0,0,0,0
81509,0,0,0,0,0,0,0,0,0,0,0,0,0,0,0,0,0
81540,0,0,0,0,0,0,0,0,0,0,0,0,0,0,0,0,0
81570,0,0,0,0,0,0,0,0,0,0,0,0,0,0,0,0,0
81601,0,0,0,0,0,0,0,0,0,0,0,0,0,0,0,0,0
81631,0,0,0,0,0,0,0,0,0,0,0,0,0,0,0,0,0
