id,year,projected_month,nominal_forward_rate,real_forward_rate
,2024,1,0.096457869,0.033162981
,2024,2,0.10310265,0.033079884
,2024,3,0.100349666,0.043043809
,2024,4,0.10024315,0.050359813
,2024,5,0.101379325,0.043274417
,2024,6,0.088597094,0.040117391
,2024,7,0.082266955,0.040345519
,2024,8,0.078847487,0.04055526
,2024,9,0.086893497,0.040779731
,2024,10,0.089003568,0.041015255
,2024,11,0.088344005,0.04123239
,2024,12,0.091953223,0.041456897
,2024,13,0.092957902,0.041688779
,2024,14,0.093082255,0.041913311
,2024,15,0.09320865,0.042141537
,2024,16,0.093330972,0.042362412
,2024,17,0.093455335,0.04258698
,2024,18,0.09358378,0.042818924
,2024,19,0.093704073,0.041517462
,2024,20,0.093824369,0.041587562
,2024,21,0.093948746,0.041660039
,2024,22,0.094071088,0.041731329
,2024,23,0.094195472,0.041803809
,2024,24,0.0943219,0.041877478
,2024,25,0.094444252,0.041948772
,2024,26,0.094568647,0.042021255
,2024,27,0.094697124,0.042096116
,2024,28,0.094817448,0.042166226
,2024,29,0.094941853,0.042238713
,2024,30,0.095070342,0.042313578
,2024,31,0.095188636,0.042382503
,2024,32,0.095311012,0.042453805
,2024,33,0.095437471,0.042527486
,2024,34,0.095557815,0.042597602
,2024,35,0.095682242,0.042670097
,2024,36,0.095810752,0.04274497
,2024,37,0.095937225,0.042818656
,2024,38,0.096061663,0.042891154
,2024,39,0.096184064,0.042962465
,2024,40,0.096308508,0.043034966
,2024,41,0.101590447,0.043108657
,2024,42,0.11310836,0.043179972
,2024,43,0.113940061,0.043247723
,2024,44,0.114830288,0.043320229
,2024,45,0.115749898,0.043395113
,2024,46,0.116640485,0.043467622
,2024,47,0.117531249,0.043540131
,2024,48,0.118407579,0.043611454
,2024,49,0.119313294,0.043685155
,2024,50,0.120219195,0.043758857
,2024,51,0.121081427,0.043828994
,2024,52,0.121973052,0.04390151
,2024,53,0.122894099,0.043976405
,2024,54,0.123800704,0.044050113
,2024,55,0.124678238,0.044121444
,2024,56,0.125555933,0.044192776
,2024,57,0.126419171,0.057548595
,2024,58,0.127311828,0.058080585
,2024,59,0.128233947,0.058630091
,2024,60,0.129126961,0.059162217
,2024,61,0.130034793,0.059703135
,2024,62,0.130913512,0.060226669
,2024,63,0.13180704,0.060758991
,2024,64,0.132715399,0.06130011
,2024,65,0.133579969,0.061815109
,2024,66,0.134488666,0.062356357
,2024,67,0.135382892,0.062888946
,2024,68,0.136218627,0.063386668
,2024,69,0.137113173,0.054128642
,2024,70,0.138037234,0.052559637
,2024,71,0.138917463,0.052757219
,2024,72,0.139812524,0.052958104
,2024,73,0.140737117,0.053165585
,2024,74,0.141603173,0.053359902
,2024,75,0.142498743,0.053560815
,2024,76,0.143423867,0.053768326
,2024,77,0.144319789,0.053969259
,2024,78,0.145230574,0.054173495
,2024,79,0.142566712,0.054367859
,2024,80,0.143321713,0.054555642
,2024,81,0.144129828,0.054756611
,2024,82,0.14496459,0.05496418
,2024,83,0.145746486,0.05515858
,2024,84,0.146555015,0.055359578
,2024,85,0.147390207,0.055567177
,2024,86,0.148199021,0.055768194
,2024,87,0.149021237,0.055972517
,2024,88,0.149817067,0.056170259
,2024,89,0.150626293,0.056371305
,2024,90,0.151462199,0.056578952
,2024,91,0.152245168,0.056773426
,2024,92,0.143784223,0.056967907
,2024,93,0.14439484,0.057168991
,2024,94,0.144995523,0.057366788
,2024,95,0.145606295,0.05756789
,2024,96,0.146227162,0.057772299
,2024,97,0.146828081,0.057970124
,2024,98,0.14743909,0.058171255
,2024,99,0.148070218,0.05837899
,2024,100,0.148661352,0.058573546
,2024,101,0.149272597,0.058774705
,2024,102,0.149903971,0.05898247
,2024,103,0.15048531,0.059173754
,2024,104,0.151096791,0.059374941
,2024,105,0.151570647,0.059582736
,2024,106,0.152179309,0.059783942
,2024,107,0.152788051,0.059985159
,2024,108,0.153386888,0.060183086
,2024,109,0.154005765,0.06038762
,2024,110,0.154624725,0.060592164
,2024,111,0.15521381,0.060786819
,2024,112,0.155822937,0.060988083
,2024,113,0.15645212,0.061195955
,2024,114,0.157071397,0.061400537
,2024,115,0.157660785,0.06159523
,2024,116,0.158250242,0.054564553
,2024,117,0.158849767,0.054640852
,2024,118,0.159459358,0.054718423
,2024,119,0.160079026,0.054797268
,2024,120,0.160668783,0.054872299
,2024,121,0.161288602,0.054951146
,2024,122,0.161918506,0.055031267
,2024,123,0.162528489,0.055108845
,2024,124,0.16313855,0.055186426
,2024,125,0.163738685,0.052861565
,2024,126,0.164358902,0.052165796
,2024,127,0.164959191,0.052193136
,2024,128,0.165549545,0.052220019
,2024,129,0.166139974,0.052246903
,2024,130,0.166750488,0.052274698
,2024,131,0.167381106,0.052303405
,2024,132,0.167991779,0.052331201
,2024,133,0.168612544,0.052359453
,2024,134,0.16921336,0.052386793
,2024,135,0.169824263,0.052414589
,2024,136,0.170445263,0.052442841
,2024,137,0.171036288,0.052469727
,2024,138,0.171657439,0.052497979
,2024,139,0.172268655,0.052525776
,2024,140,0.108233829,0.052552206
,2024,141,0.107926727,0.052580004
,2024,142,0.107614612,0.052608257
,2024,143,0.107312588,0.052635599
,2024,144,0.10700555,0.052663397
,2024,145,0.106688469,0.052692106
,2024,146,0.106391542,0.052718993
,2024,147,0.106084569,0.052746792
,2024,148,0.105767556,0.052775502
,2024,149,0.105460628,0.052803301
,2024,150,0.105148691,0.052831555
,2024,151,0.104846838,0.052858899
,2024,152,0.104545005,0.052886243
,2024,153,0.259020857,0.052914042
,2024,154,0.260697108,0.052941386
,2024,155,0.262401798,0.052969186
,2024,156,0.264134962,0.052997442
,2024,157,0.265812728,0.053024786
,2024,158,0.267518936,0.053052587
,2024,159,0.269281639,0.053081299
,2024,160,0.270932924,0.053108188
,2024,161,0.272640644,0.05313599
,2024,162,0.274404925,0.053164702
,2024,163,0.178579005,0.053191136
,2024,164,0.167833254,0.053218482
,2024,165,0.168224508,0.05324674
,2024,166,0.168596861,0.05327363
,2024,167,0.168981864,0.053301432
,2024,168,0.169379525,0.053330146
,2024,169,0.169770905,0.053358404
,2024,170,0.170156003,0.053386207
,2024,171,0.170534819,0.053413554
,2024,172,0.170919978,0.053441357
,2024,173,0.171311483,0.053469616
,2024,174,0.17169039,0.053496964
,2024,175,0.172050378,0.051278448
,2024,176,0.172435657,0.051010007
,2024,177,0.172833603,0.051009151
,2024,178,0.173218945,0.051008323
,2024,179,0.173604319,0.051007494
,2024,180,0.173983405,0.051006679
,2024,181,0.174375158,0.051005837
,2024,182,0.174766943,0.051004996
,2024,183,0.175139801,0.051004194
,2024,184,0.175525326,0.051003366
,2024,185,0.175923525,0.05100251
,2024,186,0.176315435,0.051001668
,2024,187,0.176688412,0.051000867
,2024,188,0.177061416,0.051000066
,2024,189,0.177440773,0.050999251
,2024,190,0.177826481,0.050998423
,2024,191,0.178218545,0.050997581
,2024,192,0.178591667,0.050996779
,2024,193,0.178983791,0.050995937
,2024,194,0.179382274,0.050995082
,2024,195,0.179768136,0.050994253
,2024,196,0.18015403,0.050993425
,2024,197,0.180533627,0.05099261
,2024,198,0.180925908,0.050991768
,2024,199,0.142648062,0.05099094
,2024,200,0.142646762,0.050990139
,2024,201,0.142645417,0.05098931
,2024,202,0.142644051,0.050988468
,2024,203,0.142642728,0.050987653
,2024,204,0.142641384,0.050986825
,2024,205,0.142639995,0.050985969
,2024,206,0.142638695,0.050985168
,2024,207,0.14263735,0.05098434
,2024,208,0.142635962,0.050983484
,2024,209,0.142634617,0.050982656
,2024,210,0.142633251,0.050981814
,2024,211,0.14263195,0.050981013
,2024,212,0.142630694,0.050980238
,2024,213,0.14262935,0.05097941
,2024,214,0.142627961,0.050978554
,2024,215,0.142626661,0.050977753
,2024,216,0.142625316,0.050976925
,2024,217,0.142623927,0.050976069
,2024,218,0.142622583,0.050975241
,2024,219,0.142621216,0.050974399
,2024,220,0.142619894,0.050973584
,2024,221,0.142618549,0.050972756
,2024,222,0.142617161,0.0509719
,2024,223,0.14261586,0.050971099
,2024,224,0.14261456,0.050970298
,2024,225,0.142613215,0.050969469
,2024,226,0.142611893,0.050968654
,2024,227,0.142610549,0.050967826
,2024,228,0.142609182,0.050966984
,2024,229,0.14260786,0.050966169
,2024,230,0.142606515,0.050965341
,2024,231,0.142605126,0.050964485
,2024,232,0.142603826,0.050963684
,2024,233,0.142602482,0.050962856
,2024,234,0.142601093,0.050962
,2024,235,0.142599815,0.050961212
,2024,236,0.142598492,0.050960398
,2024,237,0.142597126,0.050959556
,2024,238,0.142595825,0.050958754
,2024,239,0.142594481,0.050957926
,2024,240,0.142593092,0.05095707
,2024,241,0.142591726,0.050956228
,2024,242,0.142590381,0.0509554
,2024,243,0.142589059,0.050954585
,2024,244,0.142587714,0.050953757
,2024,245,0.142586348,0.050952915
,2024,246,0.142585025,0.0509521
,2024,247,0.131255005,0.050951285
,2024,248,0.129948561,0.050950443
,2024,249,0.12984761,0.050949628
,2024,250,0.129744978,0.0509488
,2024,251,0.129640667,0.050947958
,2024,252,0.129541404,0.050947157
,2024,253,0.129437097,0.050946315
,2024,254,0.129331111,0.050945459
,2024,255,0.129228491,0.050944631
,2024,256,0.129125874,0.050943802
,2024,257,0.129024941,0.050942988
,2024,258,0.128920646,0.050942146
,2024,259,0.128819718,0.050941331
,2024,260,0.128720474,0.05094053
,2024,261,0.128621232,0.050939728
,2024,262,0.128518629,0.0509389
,2024,263,0.128412664,0.050938044
,2024,264,0.128310065,0.050937216
,2024,265,0.128205787,0.050936374
,2024,266,0.128104875,0.050935559
,2024,267,0.128002284,0.050934731
,2024,268,0.127898013,0.050933889
,2024,269,0.127798789,0.050933088
,2024,270,0.127694523,0.050932246
,2024,271,0.127591941,0.050931417
,2024,272,0.127494406,0.05093063
,2024,273,0.127391829,0.050839265
,2024,274,0.127287572,0.050828014
,2024,275,0.127186681,0.050826478
,2024,276,0.12708411,0.050824916
,2024,277,0.12697818,0.050823304
,2024,278,0.126878977,0.050821793
,2024,279,0.126776413,0.050820232
,2024,280,0.12667049,0.050818619
,2024,281,0.126567931,0.050817058
,2024,282,0.126463694,0.05081547
,2024,283,0.126364503,0.05081396
,2024,284,0.126268676,0.050812501
,2024,285,0.126166126,0.05081094
,2024,286,0.126060217,0.050809327
,2024,287,0.125961035,0.050807816
,2024,288,0.125858493,0.050806255
,2024,289,0.125752591,0.050804642
,2024,290,0.125650054,0.050803081
,2024,291,0.125545838,0.050801494
,2024,292,0.125444986,0.050799958
,2024,293,0.125342456,0.050798396
,2024,294,0.125236567,0.050796783
,2024,295,0.125137403,0.050795273
,2024,296,0.125094085,0.050793737
,2024,297,0.125050769,0.05079215
,2024,298,0.125007454,0.05079064
,2024,299,0.124964141,0.050789078
,2024,300,0.12492083,0.050787465
,2024,301,0.124877521,0.050785878
,2024,302,0.124834213,0.050784317
,2024,303,0.124790907,0.050782781
,2024,304,0.124747602,0.050781219
,2024,305,0.1247043,0.050779632
,2024,306,0.124660998,0.050778096
,2024,307,0.124617699,0.050776637
,2024,308,0.124574401,0.050775076
,2024,309,0.124531105,0.050773463
,2024,310,0.12448781,0.050771901
,2024,311,0.124444518,0.05077034
,2024,312,0.124401226,0.050768804
,2024,313,0.124357937,0.050767217
,2024,314,0.124314649,0.05076563
,2024,315,0.124271363,0.05076412
,2024,316,0.124228079,0.050762558
,2024,317,0.124184796,0.050760945
,2024,318,0.124141515,0.050759358
,2024,319,0.124098235,0.050757848
,2024,320,0.124054957,0.050756338
,2024,321,0.124011681,0.050754802
,2024,322,0.123968407,0.05075324
,2024,323,0.123925134,0.050751653
,2024,324,0.123881863,0.050750143
,2024,325,0.123838593,0.050748556
,2024,326,0.123795325,0.050746943
,2024,327,0.123752059,0.050745381
,2024,328,0.123708795,0.05074382
,2024,329,0.123665532,0.050742284
,2024,330,0.123622271,0.050717626
,2024,331,0.123579011,0.050692969
,2024,332,0.123535753,0.050668313
,2024,333,0.123492497,0.050643657
,2024,334,0.123449243,0.050619001
,2024,335,0.12340599,0.050594346
,2024,336,0.123362739,0.050569692
,2024,337,0.123319489,0.050545038
,2024,338,0.123276241,0.050520385
,2024,339,0.123232995,0.050495733
,2024,340,0.123189751,0.050471081
,2024,341,0.123146508,0.050446429
,2024,342,0.123103267,0.050421779
,2024,343,0.123060027,0.050397128
,2024,344,0.123016789,0.050372479
,2024,345,0.122973553,0.05034783
,2024,346,0.122930319,0.050323181
,2024,347,0.122887086,0.050298533
,2024,348,0.122843855,0.050273886
,2024,349,0.122800625,0.050249239
,2024,350,0.122757397,0.050224593
,2024,351,0.122714171,0.050199947
,2024,352,0.122670946,0.050175302
,2024,353,0.122627724,0.050150658
,2024,354,0.122584502,0.050126014
,2024,355,0.122541283,0.050101371
,2024,356,0.122498065,0.050076728
,2024,357,0.122454849,0.050052086
,2024,358,0.122411634,0.050027445
,2024,359,0.122368421,0.050002804
,2024,360,0.12232521,0.049978163
,2024,361,0.122282001,0.049953523
,2024,362,0.122238793,0.049928884
,2024,363,0.122195586,0.049904245
,2024,364,0.122152382,0.049879607
,2024,365,0.122109179,0.04985497
,2024,366,0.122065978,0.049830333
,2024,367,0.122022778,0.049805697
,2024,368,0.12197958,0.049781061
,2024,369,0.121936384,0.049756426
,2024,370,0.121893189,0.049731791
,2024,371,0.121849996,0.049707157
,2024,372,0.121806805,0.049682524
,2024,373,0.121763616,0.049657891
,2024,374,0.121720428,0.049633258
,2024,375,0.121677241,0.049608627
,2024,376,0.121634057,0.049583996
,2024,377,0.121590874,0.049559365
,2024,378,0.121547693,0.049534735
,2024,379,0.121504513,0.049510106
,2024,380,0.121461335,0.049485477
,2024,381,0.121418159,0.049460849
,2024,382,0.121374984,0.049436221
,2024,383,0.121331811,0.049411594
,2024,384,0.12128864,0.049386967
,2024,385,0.12124547,0.049362341
,2024,386,0.121202302,0.049337716
,2024,387,0.121159136,0.049313091
,2024,388,0.121115971,0.049288467
,2024,389,0.121072808,0.049263843
,2024,390,0.121029647,0.04923922
,2024,391,0.120986487,0.049214598
,2024,392,0.120943329,0.049189976
,2024,393,0.120900173,0.049165355
,2024,394,0.120857018,0.049140734
,2024,395,0.120813865,0.049116114
,2024,396,0.120770714,0.049091494
,2024,397,0.120727564,0.049066875
,2024,398,0.120684416,0.049042257
,2024,399,0.120641269,0.049017639
,2024,400,0.120598125,0.048993022
,2024,401,0.120554982,0.048968405
,2024,402,0.12051184,0.048943789
,2024,403,0.120468701,0.048919173
,2024,404,0.120425562,0.048894558
,2024,405,0.120382426,0.048869944
,2024,406,0.120339291,0.04884533
,2024,407,0.120296158,0.048820717
,2024,408,0.120253027,0.048796104
,2024,409,0.120209897,0.048771492
,2024,410,0.120166769,0.048746881
,2024,411,0.120123642,0.04872227
,2024,412,0.120080518,0.04869766
,2024,413,0.120037394,0.04867305
,2024,414,0.119994273,0.048648441
,2024,415,0.119951153,0.048623832
,2024,416,0.119908035,0.048599224
,2024,417,0.119864919,0.048574617
,2024,418,0.119821804,0.04855001
,2024,419,0.11977869,0.048525403
,2024,420,0.119735579,0.048500798
,2024,421,0.119692469,0.048476193
,2024,422,0.119649361,0.048451588
,2024,423,0.119606254,0.048426984
,2024,424,0.11956315,0.048402381
,2024,425,0.119520046,0.048377778
,2024,426,0.119476945,0.048353176
,2024,427,0.119433845,0.048328574
,2024,428,0.119390747,0.048303973
,2024,429,0.11934765,0.048279372
,2024,430,0.119304555,0.048254772
,2024,431,0.119261462,0.048230173
,2024,432,0.11921837,0.048205574
,2024,433,0.11917528,0.048180976
,2024,434,0.119132192,0.048156378
,2024,435,0.119089105,0.048131781
,2024,436,0.11904602,0.048107185
,2024,437,0.119002937,0.048082589
,2024,438,0.118959855,0.048057994
,2024,439,0.118916775,0.048033399
,2024,440,0.118873697,0.048008805
,2024,441,0.11883062,0.047984211
,2024,442,0.118787545,0.047959618
,2024,443,0.118744472,0.047935026
,2024,444,0.1187014,0.047910434
,2024,445,0.11865833,0.047885842
,2024,446,0.118615262,0.047861252
,2024,447,0.118572195,0.047836662
,2024,448,0.11852913,0.047812072
,2024,449,0.118486067,0.047787483
,2024,450,0.118443005,0.047762895
,2024,451,0.118399945,0.047738307
,2024,452,0.118356886,0.04771372
,2024,453,0.11831383,0.047689133
,2024,454,0.118270775,0.047664547
,2024,455,0.118227721,0.047639961
,2024,456,0.118184669,0.047615376
,2024,457,0.118141619,0.047590792
,2024,458,0.118098571,0.047566208
,2024,459,0.118055524,0.047541625
,2024,460,0.118012479,0.047517042
,2024,461,0.117969435,0.04749246
,2024,462,0.117926393,0.047467879
,2024,463,0.117883353,0.047443298
,2024,464,0.117840315,0.047418718
,2024,465,0.117797278,0.047394138
,2024,466,0.117754242,0.047369559
,2024,467,0.117711209,0.04734498
,2024,468,0.117668177,0.047320402
,2024,469,0.117625147,0.047295825
,2024,470,0.117582118,0.047271248
,2024,471,0.117539091,0.047246672
,2024,472,0.117496066,0.047222096
,2024,473,0.117453042,0.047197521
,2024,474,0.11741002,0.047172946
,2024,475,0.117367,0.047148372
,2024,476,0.117323981,0.047123799
,2024,477,0.117280964,0.047099226
,2024,478,0.117237949,0.047074654
,2024,479,0.117194935,0.047050082
,2024,480,0.117151923,0.047025511
,2024,481,0.117108913,0.047000941
,2024,482,0.117065904,0.046976371
,2024,483,0.117022897,0.046951801
,2024,484,0.116979892,0.046927232
,2024,485,0.116936888,0.046902664
,2024,486,0.116893886,0.046878097
,2024,487,0.116850885,0.04685353
,2024,488,0.116807886,0.046828963
,2024,489,0.116764889,0.046804397
,2024,490,0.116721894,0.046779832
,2024,491,0.1166789,0.046755267
,2024,492,0.116635908,0.046730703
,2024,493,0.116592917,0.046706139
,2024,494,0.116549928,0.046681576
,2024,495,0.116506941,0.046657014
,2024,496,0.116463956,0.046632452
,2024,497,0.116420972,0.046607891
,2024,498,0.116377989,0.04658333
,2024,499,0.116335009,0.04655877
,2024,500,0.11629203,0.04653421
,2024,501,0.116249053,0.046509651
,2024,502,0.116206077,0.046485093
,2024,503,0.116163103,0.046460535
,2024,504,0.116120131,0.046435978
,2024,505,0.11607716,0.046411421
,2024,506,0.116034191,0.046386865
,2024,507,0.115991224,0.046362309
,2024,508,0.115948258,0.046337754
,2024,509,0.115905294,0.0463132
,2024,510,0.115862332,0.046288646
,2024,511,0.115819371,0.046264093
,2024,512,0.115776412,0.04623954
,2024,513,0.115733454,0.046214988
,2024,514,0.115690499,0.046190437
,2024,515,0.115647544,0.046165886
,2024,516,0.115604592,0.046141336
,2024,517,0.115561641,0.046116786
,2024,518,0.115518692,0.046092237
,2024,519,0.115475745,0.046067688
,2024,520,0.115432799,0.04604314
,2024,521,0.115389854,0.046018593
,2024,522,0.115346912,0.045994046
,2024,523,0.115303971,0.045969499
,2024,524,0.115261032,0.045944954
,2024,525,0.115218094,0.045920408
,2024,526,0.115175158,0.045895864
,2024,527,0.115132224,0.04587132
,2024,528,0.115089291,0.045846776
,2024,529,0.11504636,0.045822234
,2024,530,0.115003431,0.045797691
,2024,531,0.114960503,0.04577315
,2024,532,0.114917577,0.045748608
,2024,533,0.114874653,0.045724068
,2024,534,0.11483173,0.045699528
,2024,535,0.114788809,0.045674989
,2024,536,0.11474589,0.04565045
,2024,537,0.114702972,0.045625911
,2024,538,0.114660056,0.045601374
,2024,539,0.114617142,0.045576837
,2024,540,0.114574229,0.0455523
,2024,541,0.114531318,0.045527764
,2024,542,0.114488408,0.045503229
,2024,543,0.1144455,0.045478694
,2024,544,0.114402594,0.04545416
,2024,545,0.11435969,0.045429626
,2024,546,0.114316787,0.045405093
,2024,547,0.114273885,0.045380561
,2024,548,0.114230986,0.045356029
,2024,549,0.114188088,0.045331497
,2024,550,0.114145192,0.045306967
,2024,551,0.114102297,0.045282436
,2024,552,0.114059404,0.045257907
,2024,553,0.114016513,0.045233378
,2024,554,0.113973623,0.045208849
,2024,555,0.113930735,0.045184321
,2024,556,0.113887849,0.045159794
,2024,557,0.113844964,0.045135267
,2024,558,0.113802081,0.045110741
,2024,559,0.113759199,0.045086216
,2024,560,0.11371632,0.045061691
,2024,561,0.113673442,0.045037166
,2024,562,0.113630565,0.045012642
,2024,563,0.11358769,0.044988119
,2024,564,0.113544817,0.044963596
,2024,565,0.113501946,0.044939074
,2024,566,0.113459076,0.044914553
,2024,567,0.113416208,0.044890032
,2024,568,0.113373341,0.044865511
,2024,569,0.113330476,0.044840991
,2024,570,0.113287613,0.044816472
,2024,571,0.113244751,0.044791954
,2024,572,0.113201891,0.044767435
,2024,573,0.113159033,0.044742918
,2024,574,0.113116176,0.044718401
,2024,575,0.113073321,0.044693885
,2024,576,0.113030468,0.044669369
,2024,577,0.112987616,0.044644854
,2024,578,0.112944766,0.044620339
,2024,579,0.112901918,0.044595825
,2024,580,0.112859071,0.044571311
,2024,581,0.112816226,0.044546798
,2024,582,0.112773382,0.044522286
,2024,583,0.112730541,0.044497774
,2024,584,0.1126877,0.044473263
,2024,585,0.112644862,0.044448752
,2024,586,0.112602025,0.044424242
,2024,587,0.11255919,0.044399733
,2024,588,0.112516356,0.044375224
,2024,589,0.112473524,0.044350716
,2024,590,0.112430694,0.044326208
,2024,591,0.112387865,0.044301701
,2024,592,0.112345039,0.044277194
,2024,593,0.112302213,0.044252688
,2024,594,0.11225939,0.044228183
,2024,595,0.112216567,0.044203678
,2024,596,0.112173747,0.044179174
,2024,597,0.112130928,0.04415467
,2024,598,0.112088111,0.044130167
,2024,599,0.112045296,0.044105664
,2024,600,0.112002482,0.044081162
,2024,601,0.11195967,0.044056661
,2024,602,0.111916859,0.04403216
,2024,603,0.111874051,0.04400766
,2024,604,0.111831243,0.04398316
,2024,605,0.111788438,0.043958661
,2024,606,0.111745634,0.043934162
,2024,607,0.111702832,0.043909664
,2024,608,0.111660031,0.043885167
,2024,609,0.111617232,0.04386067
,2024,610,0.111574435,0.043836174
,2024,611,0.111531639,0.043811678
,2024,612,0.111488845,0.043787183
,2024,613,0.111446053,0.043762688
,2024,614,0.111403262,0.043738195
,2024,615,0.111360473,0.043713701
,2024,616,0.111317686,0.043689208
,2024,617,0.1112749,0.043664716
,2024,618,0.111232116,0.043640224
,2024,619,0.111189333,0.043615733
,2024,620,0.111146553,0.043591243
,2024,621,0.111103773,0.043566753
,2024,622,0.111060996,0.043542264
,2024,623,0.11101822,0.043517775
,2024,624,0.110975446,0.043493287
,2024,625,0.110932673,0.043468799
,2024,626,0.110889902,0.043444312
,2024,627,0.110847133,0.043419825
,2024,628,0.110804365,0.04339534
,2024,629,0.110761599,0.043370854
,2024,630,0.110718835,0.04334637
,2024,631,0.110676072,0.043321885
,2024,632,0.110633311,0.043297402
,2024,633,0.110590552,0.043272919
,2024,634,0.110547794,0.043248436
,2024,635,0.110505038,0.043223954
,2024,636,0.110462283,0.043199473
,2024,637,0.11041953,0.043174992
,2024,638,0.110376779,0.043150512
,2024,639,0.11033403,0.043126033
,2024,640,0.110291282,0.043101554
,2024,641,0.110248536,0.043077075
,2024,642,0.110205791,0.043052597
,2024,643,0.110163048,0.04302812
,2024,644,0.110120307,0.043003643
,2024,645,0.110077567,0.042979167
,2024,646,0.110034829,0.042954692
,2024,647,0.109992093,0.042930217
,2024,648,0.109949358,0.042905742
,2024,649,0.109906625,0.042881268
,2024,650,0.109863893,0.042856795
,2024,651,0.109821164,0.042832322
,2024,652,0.109778435,0.04280785
,2024,653,0.109735709,0.042783379
,2024,654,0.109692984,0.042758908
,2024,655,0.109650261,0.042734437
,2024,656,0.109607539,0.042709968
,2024,657,0.109564819,0.042685498
,2024,658,0.109522101,0.04266103
,2024,659,0.109479384,0.042636562
,2024,660,0.109436669,0.042612094
,2024,661,0.109393956,0.042587627
,2024,662,0.109351244,0.042563161
,2024,663,0.109308534,0.042538695
,2024,664,0.109265826,0.04251423
,2024,665,0.109223119,0.042489765
,2024,666,0.109180414,0.042465301
,2024,667,0.109137711,0.042440837
,2024,668,0.109095009,0.042416375
,2024,669,0.109052309,0.042391912
,2024,670,0.10900961,0.04236745
,2024,671,0.108966913,0.042342989
,2024,672,0.108924218,0.042318529
,2024,673,0.108881524,0.042294069
,2024,674,0.108838832,0.042269609
,2024,675,0.108796142,0.04224515
,2024,676,0.108753453,0.042220692
,2024,677,0.108710766,0.042196234
,2024,678,0.108668081,0.042171777
,2024,679,0.108625397,0.04214732
,2024,680,0.108582715,0.042122864
,2024,681,0.108540034,0.042098409
,2024,682,0.108497356,0.042073954
,2024,683,0.108454678,0.042049499
,2024,684,0.108412003,0.042025046
,2024,685,0.108369329,0.042000593
,2024,686,0.108326657,0.04197614
,2024,687,0.108283986,0.041951688
,2024,688,0.108241317,0.041927237
,2024,689,0.10819865,0.041902786
,2024,690,0.108155984,0.041878335
,2024,691,0.10811332,0.041853886
,2024,692,0.108070658,0.041829436
,2024,693,0.108027997,0.041804988
,2024,694,0.107985338,0.04178054
,2024,695,0.10794268,0.041756092
,2024,696,0.107900024,0.041731646
,2024,697,0.10785737,0.041707199
,2024,698,0.107814718,0.041682754
,2024,699,0.107772067,0.041658308
,2024,700,0.107729418,0.041633864
,2024,701,0.10768677,0.04160942
,2024,702,0.107644124,0.041584976
,2024,703,0.10760148,0.041560534
,2024,704,0.107558837,0.041536091
,2024,705,0.107516196,0.04151165
,2024,706,0.107473557,0.041487209
,2024,707,0.107430919,0.041462768
,2024,708,0.107388283,0.041438328
,2024,709,0.107345648,0.041413889
,2024,710,0.107303015,0.04138945
,2024,711,0.107260384,0.041365012
,2024,712,0.107217755,0.041340574
,2024,713,0.107175127,0.041316137
,2024,714,0.1071325,0.0412917
,2024,715,0.107089876,0.041267264
,2024,716,0.107047253,0.041242829
,2024,717,0.107004631,0.041218394
,2024,718,0.106962012,0.04119396
,2024,719,0.106919394,0.041169526
,2024,720,0.106876777,0.041145093
,2024,721,0.106834162,0.04112066
,2024,722,0.106791549,0.041096229
,2024,723,0.106748938,0.041071797
,2024,724,0.106706328,0.041047366
,2024,725,0.10666372,0.041022936
,2024,726,0.106621113,0.040998506
,2024,727,0.106578508,0.040974077
,2024,728,0.106535905,0.040949649
,2024,729,0.106493303,0.040925221
,2024,730,0.106450703,0.040900794
,2024,731,0.106408105,0.040876367
,2024,732,0.106365508,0.040851941
,2024,733,0.106322913,0.040827515
,2024,734,0.106280319,0.04080309
,2024,735,0.106237727,0.040778665
,2024,736,0.106195137,0.040754241
,2024,737,0.106152549,0.040729818
,2024,738,0.106109962,0.040705395
,2024,739,0.106067377,0.040680973
,2024,740,0.106024793,0.040656552
,2024,741,0.105982211,0.04063213
,2024,742,0.105939631,0.04060771
,2024,743,0.105897052,0.04058329
,2024,744,0.105854475,0.040558871
,2024,745,0.105811899,0.040534452
,2024,746,0.105769326,0.040510034
,2024,747,0.105726753,0.040485616
,2024,748,0.105684183,0.040461199
,2024,749,0.105641614,0.040436783
,2024,750,0.105599047,0.040412367
,2024,751,0.105556481,0.040387951
,2024,752,0.105513917,0.040363537
,2024,753,0.105471355,0.040339122
,2024,754,0.105428794,0.040314709
,2024,755,0.105386235,0.040290296
,2024,756,0.105343678,0.040265883
,2024,757,0.105301122,0.040241471
,2024,758,0.105258568,0.04021706
,2024,759,0.105216015,0.040192649
,2024,760,0.105173465,0.040168239
,2024,761,0.105130915,0.04014383
,2024,762,0.105088368,0.040119421
,2024,763,0.105045822,0.040095012
,2024,764,0.105003277,0.040070604
,2024,765,0.104960735,0.040046197
,2024,766,0.104918194,0.04002179
,2024,767,0.104875654,0.039997384
,2024,768,0.104833117,0.039972978
,2024,769,0.104790581,0.039948573
,2024,770,0.104748046,0.039924169
,2024,771,0.104705513,0.039899765
,2024,772,0.104662982,0.039875362
,2024,773,0.104620452,0.039850959
,2024,774,0.104577925,0.039826557
,2024,775,0.104535398,0.039802155
,2024,776,0.104492874,0.039777754
,2024,777,0.104450351,0.039753354
,2024,778,0.104407829,0.039728954
,2024,779,0.10436531,0.039704555
,2024,780,0.104322791,0.039680156
,2024,781,0.104280275,0.039655758
,2024,782,0.10423776,0.03963136
,2024,783,0.104195247,0.039606963
,2024,784,0.104152735,0.039582567
,2024,785,0.104110225,0.039558171
,2024,786,0.104067717,0.039533776
,2024,787,0.104025211,0.039509381
,2024,788,0.103982706,0.039484987
,2024,789,0.103940202,0.039460593
,2024,790,0.1038977,0.0394362
,2024,791,0.1038552,0.039411808
,2024,792,0.103812702,0.039387416
,2024,793,0.103770205,0.039363025
,2024,794,0.10372771,0.039338634
,2024,795,0.103685216,0.039314244
,2024,796,0.103642724,0.039289855
,2024,797,0.103600234,0.039265466
,2024,798,0.103557745,0.039241077
,2024,799,0.103515258,0.039216689
,2024,800,0.103472773,0.039192302
,2024,801,0.103430289,0.039167915
,2024,802,0.103387807,0.039143529
,2024,803,0.103345327,0.039119144
,2024,804,0.103302848,0.039094759
,2024,805,0.103260371,0.039070374
,2024,806,0.103217895,0.03904599
,2024,807,0.103175421,0.039021607
,2024,808,0.103132949,0.038997224
,2024,809,0.103090478,0.038972842
,2024,810,0.103048009,0.038948461
,2024,811,0.103005542,0.03892408
,2024,812,0.102963076,0.038899699
,2024,813,0.102920612,0.03887532
,2024,814,0.10287815,0.03885094
,2024,815,0.102835689,0.038826562
,2024,816,0.10279323,0.038802184
,2024,817,0.102750772,0.038777806
,2024,818,0.102708316,0.038753429
,2024,819,0.102665862,0.038729053
,2024,820,0.102623409,0.038704677
,2024,821,0.102580958,0.038680302
,2024,822,0.102538509,0.038655927
,2024,823,0.102496061,0.038631553
,2024,824,0.102453615,0.038607179
,2024,825,0.10241117,0.038582806
,2024,826,0.102368727,0.038558434
,2024,827,0.102326286,0.038534062
,2024,828,0.102283846,0.038509691
,2024,829,0.102241409,0.03848532
,2024,830,0.102198972,0.03846095
,2024,831,0.102156537,0.038436581
,2024,832,0.102114104,0.038412212
,2024,833,0.102071673,0.038387843
,2024,834,0.102029243,0.038363475
,2024,835,0.101986815,0.038339108
,2024,836,0.101944388,0.038314741
,2024,837,0.101901964,0.038290375
,2024,838,0.10185954,0.03826601
,2024,839,0.101817119,0.038241645
,2024,840,0.101774699,0.03821728
,2024,841,0.10173228,0.038192917
,2024,842,0.101689864,0.038168553
,2024,843,0.101647449,0.038144191
,2024,844,0.101605035,0.038119829
,2024,845,0.101562623,0.038095467
,2024,846,0.101520213,0.038071106
,2024,847,0.101477804,0.038046746
,2024,848,0.101435398,0.038022386
,2024,849,0.101392992,0.037998027
,2024,850,0.101350589,0.037973668
,2024,851,0.101308187,0.03794931
,2024,852,0.101265786,0.037924952
,2024,853,0.101223387,0.037900595
,2024,854,0.10118099,0.037876239
,2024,855,0.101138595,0.037851883
,2024,856,0.101096201,0.037827528
,2024,857,0.101053809,0.037803173
,2024,858,0.101011418,0.037778819
,2024,859,0.100969029,0.037754466
,2024,860,0.100926642,0.037730113
,2024,861,0.100884256,0.03770576
,2024,862,0.100841872,0.037681409
,2024,863,0.100799489,0.037657057
,2024,864,0.100757109,0.037632707
,2024,865,0.100714729,0.037608357
,2024,866,0.100672352,0.037584007
,2024,867,0.100629976,0.037559658
,2024,868,0.100587602,0.03753531
,2024,869,0.100545229,0.037510962
,2024,870,0.100502858,0.037486615
,2024,871,0.100460489,0.037462268
,2024,872,0.100418121,0.037437922
,2024,873,0.100375755,0.037413576
,2024,874,0.10033339,0.037389231
,2024,875,0.100291027,0.037364887
,2024,876,0.100248666,0.037340543
,2024,877,0.100206306,0.0373162
,2024,878,0.100163949,0.037291857
,2024,879,0.100121592,0.037267515
,2024,880,0.100079237,0.037243174
,2024,881,0.100036884,0.037218833
,2024,882,0.099994533,0.037194492
,2024,883,0.099952183,0.037170153
,2024,884,0.099909835,0.037145813
,2024,885,0.099867488,0.037121475
,2024,886,0.099825143,0.037097137
,2024,887,0.0997828,0.037072799
,2024,888,0.099740458,0.037048462
,2024,889,0.099698118,0.037024126
,2024,890,0.09965578,0.03699979
,2024,891,0.099613443,0.036975455
,2024,892,0.099571108,0.03695112
,2024,893,0.099528774,0.036926786
,2024,894,0.099486443,0.036902452
,2024,895,0.099444112,0.036878119
,2024,896,0.099401784,0.036853787
,2024,897,0.099359457,0.036829455
,2024,898,0.099317131,0.036805124
,2024,899,0.099274808,0.036780793
,2024,900,0.099232485,0.036756463
,2024,901,0.099190165,0.036732134
,2024,902,0.099147846,0.036707805
,2024,903,0.099105529,0.036683476
,2024,904,0.099063213,0.036659148
,2024,905,0.099020899,0.036634821
,2024,906,0.098978587,0.036610494
,2024,907,0.098936276,0.036586168
,2024,908,0.098893967,0.036561843
,2024,909,0.09885166,0.036537518
,2024,910,0.098809354,0.036513193
,2024,911,0.09876705,0.03648887
,2024,912,0.098724747,0.036464546
,2024,913,0.098682446,0.036440224
,2024,914,0.098640147,0.036415902
,2024,915,0.098597849,0.03639158
,2024,916,0.098555553,0.036367259
,2024,917,0.098513259,0.036342939
,2024,918,0.098470966,0.036318619
,2024,919,0.098428675,0.0362943
,2024,920,0.098386385,0.036269981
,2024,921,0.098344097,0.036245663
,2024,922,0.098301811,0.036221345
,2024,923,0.098259526,0.036197028
,2024,924,0.098217243,0.036172712
,2024,925,0.098174962,0.036148396
,2024,926,0.098132682,0.036124081
,2024,927,0.098090404,0.036099766
,2024,928,0.098048127,0.036075452
,2024,929,0.098005853,0.036051138
,2024,930,0.097963579,0.036026825
,2024,931,0.097921308,0.036002513
,2024,932,0.097879038,0.035978201
,2024,933,0.097836769,0.03595389
,2024,934,0.097794503,0.035929579
,2024,935,0.097752237,0.035905269
,2024,936,0.097709974,0.03588096
,2024,937,0.097667712,0.035856651
,2024,938,0.097625452,0.035832342
,2024,939,0.097583193,0.035808034
,2024,940,0.097540936,0.035783727
,2024,941,0.097498681,0.03575942
,2024,942,0.097456427,0.035735114
,2024,943,0.097414175,0.035710809
,2024,944,0.097371925,0.035686504
,2024,945,0.097329676,0.035662199
,2024,946,0.097287428,0.035637895
,2024,947,0.097245183,0.035613592
,2024,948,0.097202939,0.035589289
,2024,949,0.097160697,0.035564987
,2024,950,0.097118456,0.035540686
,2024,951,0.097076217,0.035516385
,2024,952,0.097033979,0.035492084
,2024,953,0.096991743,0.035467784
,2024,954,0.096949509,0.035443485
,2024,955,0.096907277,0.035419186
,2024,956,0.096865046,0.035394888
,2024,957,0.096822816,0.035370591
,2024,958,0.096780589,0.035346294
,2024,959,0.096738362,0.035321997
,2024,960,0.096696138,0.035297701
,2024,961,0.096653915,0.035273406
,2024,962,0.096611694,0.035249111
,2024,963,0.096569474,0.035224817
,2024,964,0.096527256,0.035200523
,2024,965,0.09648504,0.03517623
,2024,966,0.096442825,0.035151938
,2024,967,0.096400612,0.035127646
,2024,968,0.096358401,0.035103355
,2024,969,0.096316191,0.035079064
,2024,970,0.096273983,0.035054774
,2024,971,0.096231776,0.035030484
,2024,972,0.096189571,0.035006195
,2024,973,0.096147368,0.034981907
,2024,974,0.096105166,0.034957619
,2024,975,0.096062966,0.034933332
,2024,976,0.096020768,0.034909045
,2024,977,0.095978571,0.034884759
,2024,978,0.095936376,0.034860473
,2024,979,0.095894182,0.034836188
,2024,980,0.09585199,0.034811904
,2024,981,0.0958098,0.03478762
,2024,982,0.095767611,0.034763336
,2024,983,0.095725424,0.034739054
,2024,984,0.095683238,0.034714771
,2024,985,0.095641055,0.03469049
,2024,986,0.095598872,0.034666209
,2024,987,0.095556692,0.034641928
,2024,988,0.095514513,0.034617648
,2024,989,0.095472335,0.034593369
,2024,990,0.09543016,0.03456909
,2024,991,0.095387986,0.034544812
,2024,992,0.095345813,0.034520534
,2024,993,0.095303642,0.034496257
,2024,994,0.095261473,0.034471981
,2024,995,0.095219305,0.034447705
,2024,996,0.09517714,0.034423429
,2024,997,0.095134975,0.034399155
,2024,998,0.095092812,0.03437488
,2024,999,0.095050651,0.034350607
,2024,1000,0.095008492,0.034326334
,2024,1001,0.094966334,0.034302061
,2024,1002,0.094924178,0.034277789
,2024,1003,0.094882023,0.034253518
,2024,1004,0.09483987,0.034229247
,2024,1005,0.094797719,0.034204977
,2024,1006,0.094755569,0.034180707
,2024,1007,0.094713421,0.034156438
,2024,1008,0.094671274,0.03413217
,2024,1009,0.094629129,0.034107902
,2024,1010,0.094586986,0.034083634
,2024,1011,0.094544845,0.034059368
,2024,1012,0.094502705,0.034035101
,2024,1013,0.094460566,0.034010836
,2024,1014,0.094418429,0.033986571
,2024,1015,0.094376294,0.033962306
,2024,1016,0.094334161,0.033938042
,2024,1017,0.094292029,0.033913779
,2024,1018,0.094249899,0.033889516
,2024,1019,0.09420777,0.033865254
,2024,1020,0.094165643,0.033840992
,2024,1021,0.094123517,0.033816731
,2024,1022,0.094081394,0.03379247
,2024,1023,0.094039272,0.03376821
,2024,1024,0.093997151,0.033743951
,2024,1025,0.093955032,0.033719692
,2024,1026,0.093912915,0.033695434
,2024,1027,0.093870799,0.033671176
,2024,1028,0.093828685,0.033646919
,2024,1029,0.093786573,0.033622662
,2024,1030,0.093744462,0.033598406
,2024,1031,0.093702353,0.033574151
,2024,1032,0.093660245,0.033549896
,2024,1033,0.093618139,0.033525642
,2024,1034,0.093576035,0.033501388
,2024,1035,0.093533932,0.033477135
,2024,1036,0.093491831,0.033452882
,2024,1037,0.093449731,0.03342863
,2024,1038,0.093407634,0.033404379
,2024,1039,0.093365537,0.033380128
,2024,1040,0.093323443,0.033355878
,2024,1041,0.09328135,0.033331628
,2024,1042,0.093239258,0.033307379
,2024,1043,0.093197169,0.03328313
,2024,1044,0.09315508,0.033258882
,2024,1045,0.093112994,0.033234635
,2024,1046,0.093070909,0.033210388
,2024,1047,0.093028826,0.033186142
,2024,1048,0.092986744,0.033161896
,2024,1049,0.092944664,0.033137651
,2024,1050,0.092902586,0.033113406
,2024,1051,0.092860509,0.033089162
,2024,1052,0.092818434,0.033064918
,2024,1053,0.09277636,0.033040676
,2024,1054,0.092734288,0.033016433
,2024,1055,0.092692218,0.032992191
,2024,1056,0.092650149,0.03296795
,2024,1057,0.092608082,0.03294371
,2024,1058,0.092566017,0.03291947
,2024,1059,0.092523953,0.03289523
,2024,1060,0.092481891,0.032870991
,2024,1061,0.09243983,0.032846753
,2024,1062,0.092397771,0.032822515
,2024,1063,0.092355714,0.032798278
,2024,1064,0.092313658,0.032774041
,2024,1065,0.092271604,0.032749805
,2024,1066,0.092229552,0.03272557
,2024,1067,0.092187501,0.032701335
,2024,1068,0.092145451,0.0326771
,2024,1069,0.092103404,0.032652866
,2024,1070,0.092061358,0.032628633
,2024,1071,0.092019313,0.032604401
,2024,1072,0.091977271,0.032580168
,2024,1073,0.091935229,0.032555937
,2024,1074,0.09189319,0.032531706
,2024,1075,0.091851152,0.032507476
,2024,1076,0.091809116,0.032483246
,2024,1077,0.091767081,0.032459016
,2024,1078,0.091725048,0.032434788
,2024,1079,0.091683016,0.03241056
,2024,1080,0.091640987,0.032386332
,2024,1081,0.091598958,0.032362105
,2024,1082,0.091556932,0.032337879
,2024,1083,0.091514907,0.032313653
,2024,1084,0.091472883,0.032289428
,2024,1085,0.091430862,0.032265203
,2024,1086,0.091388842,0.032240979
,2024,1087,0.091346823,0.032216755
,2024,1088,0.091304806,0.032192532
,2024,1089,0.091262791,0.03216831
,2024,1090,0.091220777,0.032144088
,2024,1091,0.091178765,0.032119867
,2024,1092,0.091136755,0.032095646
,2024,1093,0.091094746,0.032071426
,2024,1094,0.091052739,0.032047206
,2024,1095,0.091010733,0.032022987
,2024,1096,0.090968729,0.031998769
,2024,1097,0.090926727,0.031974551
,2024,1098,0.090884726,0.031950333
,2024,1099,0.090842727,0.031926117
,2024,1100,0.09080073,0.031901901
,2024,1101,0.090758734,0.031877685
,2024,1102,0.09071674,0.03185347
,2024,1103,0.090674747,0.031829255
,2024,1104,0.090632756,0.031805042
,2024,1105,0.090590767,0.031780828
,2024,1106,0.090548779,0.031756615
,2024,1107,0.090506793,0.031732403
,2024,1108,0.090464808,0.031708192
,2024,1109,0.090422825,0.031683981
,2024,1110,0.090380844,0.03165977
,2024,1111,0.090338864,0.03163556
,2024,1112,0.090296886,0.031611351
,2024,1113,0.09025491,0.031587142
,2024,1114,0.090212935,0.031562934
,2024,1115,0.090170961,0.031538726
,2024,1116,0.09012899,0.031514519
,2024,1117,0.09008702,0.031490312
,2024,1118,0.090045051,0.031466106
,2024,1119,0.090003085,0.031441901
,2024,1120,0.08996112,0.031417696
,2024,1121,0.089919156,0.031393492
,2024,1122,0.089877194,0.031369288
,2024,1123,0.089835234,0.031345085
,2024,1124,0.089793275,0.031320883
,2024,1125,0.089751318,0.031296681
,2024,1126,0.089709363,0.031272479
,2024,1127,0.089667409,0.031248278
,2024,1128,0.089625456,0.031224078
,2024,1129,0.089583506,0.031199878
,2024,1130,0.089541557,0.031175679
,2024,1131,0.089499609,0.031151481
,2024,1132,0.089457664,0.031127283
,2024,1133,0.08941572,0.031103085
,2024,1134,0.089373777,0.031078888
,2024,1135,0.089331836,0.031054692
,2024,1136,0.089289897,0.031030496
,2024,1137,0.089247959,0.031006301
,2024,1138,0.089206023,0.030982107
,2024,1139,0.089164089,0.030957913
,2024,1140,0.089122156,0.030933719
,2024,1141,0.089080224,0.030909526
,2024,1142,0.089038295,0.030885334
,2024,1143,0.088996367,0.030861142
,2024,1144,0.08895444,0.030836951
,2024,1145,0.088912516,0.03081276
,2024,1146,0.088870592,0.03078857
,2024,1147,0.088828671,0.030764381
,2024,1148,0.088786751,0.030740192
,2024,1149,0.088744833,0.030716004
,2024,1150,0.088702916,0.030691816
,2024,1151,0.088661001,0.030667629
,2024,1152,0.088619087,0.030643442
,2024,1153,0.088577175,0.030619256
,2024,1154,0.088535265,0.03059507
,2024,1155,0.088493357,0.030570885
,2024,1156,0.08845145,0.030546701
,2024,1157,0.088409544,0.030522517
,2024,1158,0.08836764,0.030498334
,2024,1159,0.088325738,0.030474151
,2024,1160,0.088283838,0.030449969
,2024,1161,0.088241939,0.030425788
,2024,1162,0.088200041,0.030401607
,2024,1163,0.088158146,0.030377426
,2024,1164,0.088116251,0.030353246
,2024,1165,0.088074359,0.030329067
,2024,1166,0.088032468,0.030304889
,2024,1167,0.087990579,0.03028071
,2024,1168,0.087948691,0.030256533
,2024,1169,0.087906805,0.030232356
,2024,1170,0.087864921,0.030208179
,2024,1171,0.087823038,0.030184004
,2024,1172,0.087781156,0.030159828
,2024,1173,0.087739277,0.030135653
,2024,1174,0.087697399,0.030111479
,2024,1175,0.087655522,0.030087306
,2024,1176,0.087613648,0.030063133
,2024,1177,0.087571775,0.03003896
,2024,1178,0.087529903,0.030014788
,2024,1179,0.087488033,0.029990617
,2024,1180,0.087446165,0.029966446
,2024,1181,0.087404298,0.029942276
,2024,1182,0.087362433,0.029918106
,2024,1183,0.087320569,0.029893937
,2024,1184,0.087278708,0.029869769
,2024,1185,0.087236847,0.029845601
,2024,1186,0.087194989,0.029821434
,2024,1187,0.087153132,0.029797267
,2024,1188,0.087111276,0.029773101
,2024,1189,0.087069422,0.029748935
,2024,1190,0.08702757,0.02972477
,2024,1191,0.08698572,0.029700605
,2024,1192,0.086943871,0.029676441
,2024,1193,0.086902023,0.029652278
,2024,1194,0.086860177,0.029628115
,2024,1195,0.086818333,0.029603953
,2024,1196,0.086776491,0.029579791
,2024,1197,0.08673465,0.02955563
,2024,1198,0.08669281,0.02953147
,2024,1199,0.086650973,0.02950731
,2024,1200,0.086609137,0.02948315
,2024,1201,0.086567302,0.029458991
,2024,1202,0.086525469,0.029434833
,2024,1203,0.086483638,0.029410675
,2024,1204,0.086441808,0.029386518
,2024,1205,0.08639998,0.029362362
,2024,1206,0.086358154,0.029338206
,2024,1207,0.086316329,0.02931405
,2024,1208,0.086274506,0.029289895
,2024,1209,0.086232684,0.029265741
,2024,1210,0.086190864,0.029241587
,2024,1211,0.086149046,0.029217434
,2024,1212,0.086107229,0.029193281
,2024,1213,0.086065414,0.029169129
,2024,1214,0.0860236,0.029144978
,2024,1215,0.085981788,0.029120827
,2024,1216,0.085939978,0.029096677
,2024,1217,0.085898169,0.029072527
,2024,1218,0.085856362,0.029048378
,2024,1219,0.085814557,0.029024229
,2024,1220,0.085772753,0.029000081
,2024,1221,0.085730951,0.028975933
,2024,1222,0.08568915,0.028951786
,2024,1223,0.085647351,0.02892764
,2024,1224,0.085605553,0.028903494
,2024,1225,0.085563757,0.028879349
,2024,1226,0.085521963,0.028855204
,2024,1227,0.085480171,0.02883106
,2024,1228,0.08543838,0.028806917
,2024,1229,0.08539659,0.028782774
,2024,1230,0.085354802,0.028758631
,2024,1231,0.085313016,0.028734489
,2024,1232,0.085271232,0.028710348
,2024,1233,0.085229449,0.028686207
,2024,1234,0.085187667,0.028662067
,2024,1235,0.085145887,0.028637928
,2024,1236,0.085104109,0.028613789
,2024,1237,0.085062333,0.02858965
,2024,1238,0.085020558,0.028565512
,2024,1239,0.084978785,0.028541375
,2024,1240,0.084937013,0.028517238
,2024,1241,0.084895243,0.028493102
,2024,1242,0.084853474,0.028468966
,2024,1243,0.084811707,0.028444831
,2024,1244,0.084769942,0.028420697
,2024,1245,0.084728178,0.028396563
,2024,1246,0.084686416,0.02837243
,2024,1247,0.084644656,0.028348297
,2024,1248,0.084602897,0.028324165
,2024,1249,0.08456114,0.028300033
,2024,1250,0.084519384,0.028275902
,2024,1251,0.08447763,0.028251771
,2024,1252,0.084435878,0.028227641
,2024,1253,0.084394127,0.028203512
,2024,1254,0.084352378,0.028179383
,2024,1255,0.08431063,0.028155255
,2024,1256,0.084268884,0.028131127
,2024,1257,0.08422714,0.028107
,2024,1258,0.084185397,0.028082874
,2024,1259,0.084143656,0.028058748
,2024,1260,0.084101916,0.028034622
,2024,1261,0.084060178,0.028010497
,2024,1262,0.084018442,0.027986373
,2024,1263,0.083976707,0.027962249
,2024,1264,0.083934974,0.027938126
,2024,1265,0.083893242,0.027914004
,2024,1266,0.083851512,0.027889881
,2024,1267,0.083809784,0.02786576
,2024,1268,0.083768057,0.027841639
,2024,1269,0.083726332,0.027817519
,2024,1270,0.083684609,0.027793399
,2024,1271,0.083642887,0.02776928
,2024,1272,0.083601167,0.027745161
,2024,1273,0.083559448,0.027721043
,2024,1274,0.083517731,0.027696926
,2024,1275,0.083476015,0.027672809
,2024,1276,0.083434302,0.027648692
,2024,1277,0.083392589,0.027624577
,2024,1278,0.083350879,0.027600461
,2024,1279,0.08330917,0.027576347
,2024,1280,0.083267462,0.027552233
,2024,1281,0.083225756,0.027528119
,2024,1282,0.083184052,0.027504006
,2024,1283,0.083142349,0.027479894
,2024,1284,0.083100648,0.027455782
,2024,1285,0.083058949,0.02743167
,2024,1286,0.083017251,0.02740756
,2024,1287,0.082975555,0.02738345
,2024,1288,0.08293386,0.02735934
,2024,1289,0.082892167,0.027335231
,2024,1290,0.082850476,0.027311123
,2024,1291,0.082808786,0.027287015
,2024,1292,0.082767098,0.027262907
,2024,1293,0.082725412,0.027238801
,2024,1294,0.082683727,0.027214694
,2024,1295,0.082642043,0.027190589
,2024,1296,0.082600361,0.027166484
,2024,1297,0.082558681,0.027142379
,2024,1298,0.082517003,0.027118275
,2024,1299,0.082475326,0.027094172
,2024,1300,0.08243365,0.027070069
,2024,1301,0.082391977,0.027045967
,2024,1302,0.082350305,0.027021865
,2024,1303,0.082308634,0.026997764
,2024,1304,0.082266965,0.026973664
,2024,1305,0.082225298,0.026949564
,2024,1306,0.082183632,0.026925464
,2024,1307,0.082141968,0.026901366
,2024,1308,0.082100306,0.026877267
,2024,1309,0.082058645,0.02685317
,2024,1310,0.082016985,0.026829072
,2024,1311,0.081975328,0.026804976
,2024,1312,0.081933672,0.02678088
,2024,1313,0.081892017,0.026756784
,2024,1314,0.081850364,0.02673269
,2024,1315,0.081808713,0.026708595
,2024,1316,0.081767063,0.026684502
,2024,1317,0.081725415,0.026660408
,2024,1318,0.081683769,0.026636316
,2024,1319,0.081642124,0.026612224
,2024,1320,0.081600481,0.026588132
,2024,1321,0.081558839,0.026564041
,2024,1322,0.081517199,0.026539951
,2024,1323,0.081475561,0.026515861
,2024,1324,0.081433924,0.026491772
,2024,1325,0.081392288,0.026467683
,2024,1326,0.081350655,0.026443595
,2024,1327,0.081309023,0.026419508
,2024,1328,0.081267392,0.026395421
,2024,1329,0.081225763,0.026371334
,2024,1330,0.081184136,0.026347249
,2024,1331,0.081142511,0.026323163
,2024,1332,0.081100887,0.026299079
,2024,1333,0.081059264,0.026274994
,2024,1334,0.081017643,0.026250911
,2024,1335,0.080976024,0.026226828
,2024,1336,0.080934407,0.026202745
,2024,1337,0.080892791,0.026178664
,2024,1338,0.080851176,0.026154582
,2024,1339,0.080809563,0.026130502
,2024,1340,0.080767952,0.026106421
,2024,1341,0.080726343,0.026082342
,2024,1342,0.080684735,0.026058263
,2024,1343,0.080643128,0.026034184
,2024,1344,0.080601523,0.026010106
,2024,1345,0.08055992,0.025986029
,2024,1346,0.080518319,0.025961952
,2024,1347,0.080476719,0.025937876
,2024,1348,0.08043512,0.0259138
,2024,1349,0.080393523,0.025889725
,2024,1350,0.080351928,0.025865651
,2024,1351,0.080310335,0.025841577
,2024,1352,0.080268743,0.025817503
,2024,1353,0.080227152,0.025793431
,2024,1354,0.080185563,0.025769358
,2024,1355,0.080143976,0.025745287
,2024,1356,0.080102391,0.025721215
,2024,1357,0.080060807,0.025697145
,2024,1358,0.080019224,0.025673075
,2024,1359,0.079977644,0.025649005
,2024,1360,0.079936064,0.025624937
,2024,1361,0.079894487,0.025600868
,2024,1362,0.079852911,0.0255768
,2024,1363,0.079811336,0.025552733
,2024,1364,0.079769764,0.025528667
,2024,1365,0.079728193,0.025504601
,2024,1366,0.079686623,0.025480535
,2024,1367,0.079645055,0.02545647
,2024,1368,0.079603489,0.025432406
,2024,1369,0.079561924,0.025408342
,2024,1370,0.079520361,0.025384279
,2024,1371,0.079478799,0.025360216
,2024,1372,0.079437239,0.025336154
,2024,1373,0.079395681,0.025312093
,2024,1374,0.079354124,0.025288032
,2024,1375,0.079312569,0.025263971
,2024,1376,0.079271015,0.025239911
,2024,1377,0.079229463,0.025215852
,2024,1378,0.079187913,0.025191793
,2024,1379,0.079146364,0.025167735
,2024,1380,0.079104817,0.025143678
,2024,1381,0.079063271,0.025119621
,2024,1382,0.079021727,0.025095564
,2024,1383,0.078980185,0.025071508
,2024,1384,0.078938644,0.025047453
,2024,1385,0.078897105,0.025023398
,2024,1386,0.078855568,0.024999344
,2024,1387,0.078814032,0.02497529
,2024,1388,0.078772497,0.024951237
,2024,1389,0.078730964,0.024927185
,2024,1390,0.078689433,0.024903133
,2024,1391,0.078647904,0.024879081
,2024,1392,0.078606376,0.024855031
,2024,1393,0.078564849,0.02483098
,2024,1394,0.078523325,0.024806931
,2024,1395,0.078481801,0.024782882
,2024,1396,0.07844028,0.024758833
,2024,1397,0.07839876,0.024734785
,2024,1398,0.078357241,0.024710738
,2024,1399,0.078315725,0.024686691
,2024,1400,0.078274209,0.024662645
,2024,1401,0.078232696,0.024638599
,2024,1402,0.078191184,0.024614554
,2024,1403,0.078149673,0.024590509
,2024,1404,0.078108165,0.024566465
,2024,1405,0.078066657,0.024542422
,2024,1406,0.078025152,0.024518379
,2024,1407,0.077983648,0.024494336
,2024,1408,0.077942145,0.024470295
,2024,1409,0.077900645,0.024446253
,2024,1410,0.077859145,0.024422213
,2024,1411,0.077817648,0.024398173
,2024,1412,0.077776152,0.024374133
,2024,1413,0.077734657,0.024350094
,2024,1414,0.077693165,0.024326056
,2024,1415,0.077651673,0.024302018
,2024,1416,0.077610184,0.024277981
,2024,1417,0.077568696,0.024253944
,2024,1418,0.077527209,0.024229908
,2024,1419,0.077485724,0.024205872
,2024,1420,0.077444241,0.024181837
,2024,1421,0.07740276,0.024157803
,2024,1422,0.077361279,0.024133769
,2024,1423,0.077319801,0.024109736
,2024,1424,0.077278324,0.024085703
,2024,1425,0.077236849,0.024061671
,2024,1426,0.077195375,0.024037639
,2024,1427,0.077153903,0.024013608
,2024,1428,0.077112433,0.023989577
,2024,1429,0.077070964,0.023965547
,2024,1430,0.077029497,0.023941518
,2024,1431,0.076988031,0.023917489
,2024,1432,0.076946567,0.023893461
,2024,1433,0.076905104,0.023869433
,2024,1434,0.076863644,0.023845406
,2024,1435,0.076822184,0.02382138
,2024,1436,0.076780727,0.023797354
,2024,1437,0.07673927,0.023773328
,2024,1438,0.076697816,0.023749303
,2024,1439,0.076656363,0.023725279
,2024,1440,0.076614912,0.023701255
,2024,1441,0.076573462,0.023677232
,2024,1442,0.076532014,0.02365321
,2024,1443,0.076490567,0.023629188
,2024,1444,0.076449122,0.023605166
,2024,1445,0.076407679,0.023581145
,2024,1446,0.076366237,0.023557125
,2024,1447,0.076324797,0.023533105
,2024,1448,0.076283359,0.023509086
,2024,1449,0.076241922,0.023485067
,2024,1450,0.076200486,0.023461049
,2024,1451,0.076159053,0.023437032
,2024,1452,0.076117621,0.023413015
,2024,1453,0.07607619,0.023388998
,2024,1454,0.076034761,0.023364982
,2024,1455,0.075993334,0.023340967
,2024,1456,0.075951908,0.023316952
,2024,1457,0.075910484,0.023292938
,2024,1458,0.075869061,0.023268925
,2024,1459,0.07582764,0.023244912
,2024,1460,0.075786221,0.023220899
,2024,1461,0.075744803,0.023196887
,2024,1462,0.075703387,0.023172876
,2024,1463,0.075661972,0.023148865
,2024,1464,0.075620559,0.023124855
,2024,1465,0.075579148,0.023100845
,2024,1466,0.075537738,0.023076836
,2024,1467,0.07549633,0.023052828
,2024,1468,0.075454923,0.02302882
,2024,1469,0.075413518,0.023004812
,2024,1470,0.075372114,0.022980806
,2024,1471,0.075330713,0.022956799
,2024,1472,0.075289312,0.022932794
,2024,1473,0.075247914,0.022908788
,2024,1474,0.075206517,0.022884784
,2024,1475,0.075165121,0.02286078
,2024,1476,0.075123727,0.022836776
,2024,1477,0.075082335,0.022812774
,2024,1478,0.075040944,0.022788771
,2024,1479,0.074999555,0.02276477
,2024,1480,0.074958168,0.022740768
,2024,1481,0.074916782,0.022716768
,2024,1482,0.074875397,0.022692768
,2024,1483,0.074834015,0.022668768
,2024,1484,0.074792633,0.022644769
,2024,1485,0.074751254,0.022620771
,2024,1486,0.074709876,0.022596773
,2024,1487,0.074668499,0.022572776
,2024,1488,0.074627125,0.022548779
,2024,1489,0.074585752,0.022524783
,2024,1490,0.07454438,0.022500787
,2024,1491,0.07450301,0.022476792
,2024,1492,0.074461642,0.022452798
,2024,1493,0.074420275,0.022428804
,2024,1494,0.07437891,0.022404811
,2024,1495,0.074337546,0.022380818
,2024,1496,0.074296184,0.022356826
,2024,1497,0.074254823,0.022332834
,2024,1498,0.074213465,0.022308843
,2024,1499,0.074172107,0.022284853
,2024,1500,0.074130752,0.022260863
,2024,1501,0.074089398,0.022236873
,2024,1502,0.074048045,0.022212885
,2024,1503,0.074006694,0.022188896
,2024,1504,0.073965345,0.022164909
,2024,1505,0.073923997,0.022140922
,2024,1506,0.073882651,0.022116935
,2024,1507,0.073841307,0.022092949
,2024,1508,0.073799964,0.022068964
,2024,1509,0.073758622,0.022044979
,2024,1510,0.073717283,0.022020994
,2024,1511,0.073675944,0.021997011
,2024,1512,0.073634608,0.021973028
,2024,1513,0.073593273,0.021949045
,2024,1514,0.07355194,0.021925063
,2024,1515,0.073510608,0.021901081
,2024,1516,0.073469278,0.0218771
,2024,1517,0.073427949,0.02185312
,2024,1518,0.073386622,0.02182914
,2024,1519,0.073345297,0.021805161
,2024,1520,0.073303973,0.021781182
,2024,1521,0.07326265,0.021757204
,2024,1522,0.07322133,0.021733227
,2024,1523,0.073180011,0.02170925
,2024,1524,0.073138693,0.021685273
,2024,1525,0.073097377,0.021661297
,2024,1526,0.073056063,0.021637322
,2024,1527,0.07301475,0.021613347
,2024,1528,0.072973439,0.021589373
,2024,1529,0.07293213,0.0215654
,2024,1530,0.072890822,0.021541427
,2024,1531,0.072849516,0.021517454
,2024,1532,0.072808211,0.021493482
,2024,1533,0.072766908,0.021469511
,2024,1534,0.072725606,0.02144554
,2024,1535,0.072684306,0.02142157
,2024,1536,0.072643008,0.0213976
,2024,1537,0.072601711,0.021373631
,2024,1538,0.072560416,0.021349663
,2024,1539,0.072519122,0.021325695
,2024,1540,0.07247783,0.021301727
,2024,1541,0.07243654,0.02127776
,2024,1542,0.072395251,0.021253794
,2024,1543,0.072353964,0.021229828
,2024,1544,0.072312678,0.021205863
,2024,1545,0.072271394,0.021181898
,2024,1546,0.072230111,0.021157934
,2024,1547,0.072188831,0.021133971
,2024,1548,0.072147551,0.021110008
,2024,1549,0.072106274,0.021086046
,2024,1550,0.072064997,0.021062084
,2024,1551,0.072023723,0.021038123
,2024,1552,0.07198245,0.021014162
,2024,1553,0.071941179,0.020990202
,2024,1554,0.071899909,0.020966242
,2024,1555,0.071858641,0.020942283
,2024,1556,0.071817374,0.020918325
,2024,1557,0.071776109,0.020894367
,2024,1558,0.071734846,0.02087041
,2024,1559,0.071693584,0.020846453
,2024,1560,0.071652324,0.020822497
,2024,1561,0.071611065,0.020798541
,2024,1562,0.071569808,0.020774586
,2024,1563,0.071528552,0.020750632
,2024,1564,0.071487298,0.020726678
,2024,1565,0.071446046,0.020702724
,2024,1566,0.071404795,0.020678772
,2024,1567,0.071363546,0.020654819
,2024,1568,0.071322299,0.020630868
,2024,1569,0.071281053,0.020606917
,2024,1570,0.071239808,0.020582966
,2024,1571,0.071198566,0.020559016
,2024,1572,0.071157325,0.020535067
,2024,1573,0.071116085,0.020511118
,2024,1574,0.071074847,0.020487169
,2024,1575,0.071033611,0.020463222
,2024,1576,0.070992376,0.020439274
,2024,1577,0.070951142,0.020415328
,2024,1578,0.070909911,0.020391382
,2024,1579,0.070868681,0.020367436
,2024,1580,0.070827452,0.020343491
,2024,1581,0.070786225,0.020319547
,2024,1582,0.070745,0.020295603
,2024,1583,0.070703776,0.02027166
,2024,1584,0.070662554,0.020247717
,2024,1585,0.070621334,0.020223775
,2024,1586,0.070580115,0.020199834
,2024,1587,0.070538897,0.020175893
,2024,1588,0.070497682,0.020151952
,2024,1589,0.070456467,0.020128012
,2024,1590,0.070415255,0.020104073
,2024,1591,0.070374044,0.020080134
,2024,1592,0.070332834,0.020056196
,2024,1593,0.070291626,0.020032258
,2024,1594,0.07025042,0.020008321
,2024,1595,0.070209216,0.019984385
,2024,1596,0.070168012,0.019960449
,2024,1597,0.070126811,0.019936513
,2024,1598,0.070085611,0.019912579
,2024,1599,0.070044413,0.019888644
,2024,1600,0.070003216,0.019864711
,2024,1601,0.069962021,0.019840778
,2024,1602,0.069920827,0.019816845
,2024,1603,0.069879635,0.019792913
,2024,1604,0.069838445,0.019768982
,2024,1605,0.069797256,0.019745051
,2024,1606,0.069756069,0.01972112
,2024,1607,0.069714883,0.019697191
,2024,1608,0.069673699,0.019673261
,2024,1609,0.069632517,0.019649333
,2024,1610,0.069591336,0.019625405
,2024,1611,0.069550156,0.019601477
,2024,1612,0.069508979,0.01957755
,2024,1613,0.069467803,0.019553624
,2024,1614,0.069426628,0.019529698
,2024,1615,0.069385455,0.019505773
,2024,1616,0.069344284,0.019481848
,2024,1617,0.069303114,0.019457924
,2024,1618,0.069261946,0.019434
,2024,1619,0.069220779,0.019410077
,2024,1620,0.069179614,0.019386155
,2024,1621,0.069138451,0.019362233
,2024,1622,0.069097289,0.019338311
,2024,1623,0.069056128,0.019314391
,2024,1624,0.06901497,0.01929047
,2024,1625,0.068973813,0.019266551
,2024,1626,0.068932657,0.019242632
,2024,1627,0.068891503,0.019218713
,2024,1628,0.068850351,0.019194795
,2024,1629,0.0688092,0.019170878
,2024,1630,0.068768051,0.019146961
,2024,1631,0.068726903,0.019123045
,2024,1632,0.068685757,0.019099129
,2024,1633,0.068644613,0.019075214
,2024,1634,0.06860347,0.019051299
,2024,1635,0.068562329,0.019027385
,2024,1636,0.068521189,0.019003472
,2024,1637,0.068480051,0.018979559
,2024,1638,0.068438914,0.018955646
,2024,1639,0.068397779,0.018931735
,2024,1640,0.068356646,0.018907823
,2024,1641,0.068315514,0.018883913
,2024,1642,0.068274384,0.018860002
,2024,1643,0.068233256,0.018836093
,2024,1644,0.068192128,0.018812184
,2024,1645,0.068151003,0.018788275
,2024,1646,0.068109879,0.018764368
,2024,1647,0.068068757,0.01874046
,2024,1648,0.068027636,0.018716554
,2024,1649,0.067986517,0.018692647
,2024,1650,0.0679454,0.018668742
,2024,1651,0.067904284,0.018644837
,2024,1652,0.067863169,0.018620932
,2024,1653,0.067822057,0.018597028
,2024,1654,0.067780945,0.018573125
,2024,1655,0.067739836,0.018549222
,2024,1656,0.067698728,0.01852532
,2024,1657,0.067657621,0.018501418
,2024,1658,0.067616517,0.018477517
,2024,1659,0.067575413,0.018453616
,2024,1660,0.067534312,0.018429716
,2024,1661,0.067493211,0.018405817
,2024,1662,0.067452113,0.018381918
,2024,1663,0.067411016,0.01835802
,2024,1664,0.067369921,0.018334122
,2024,1665,0.067328827,0.018310225
,2024,1666,0.067287735,0.018286328
,2024,1667,0.067246644,0.018262432
,2024,1668,0.067205555,0.018238536
,2024,1669,0.067164468,0.018214641
,2024,1670,0.067123382,0.018190747
,2024,1671,0.067082297,0.018166853
,2024,1672,0.067041215,0.01814296
,2024,1673,0.067000134,0.018119067
,2024,1674,0.066959054,0.018095175
,2024,1675,0.066917976,0.018071283
,2024,1676,0.0668769,0.018047392
,2024,1677,0.066835825,0.018023502
,2024,1678,0.066794752,0.017999612
,2024,1679,0.06675368,0.017975722
,2024,1680,0.06671261,0.017951834
,2024,1681,0.066671542,0.017927945
,2024,1682,0.066630475,0.017904058
,2024,1683,0.066589409,0.017880171
,2024,1684,0.066548346,0.017856284
,2024,1685,0.066507283,0.017832398
,2024,1686,0.066466223,0.017808513
,2024,1687,0.066425164,0.017784628
,2024,1688,0.066384107,0.017760743
,2024,1689,0.066343051,0.01773686
,2024,1690,0.066301996,0.017712976
,2024,1691,0.066260944,0.017689094
,2024,1692,0.066219893,0.017665212
,2024,1693,0.066178843,0.01764133
,2024,1694,0.066137795,0.017617449
,2024,1695,0.066096749,0.017593569
,2024,1696,0.066055704,0.017569689
,2024,1697,0.066014661,0.01754581
,2024,1698,0.065973619,0.017521931
,2024,1699,0.065932579,0.017498053
,2024,1700,0.065891541,0.017474175
,2024,1701,0.065850504,0.017450298
,2024,1702,0.065809469,0.017426422
,2024,1703,0.065768435,0.017402546
,2024,1704,0.065727403,0.01737867
,2024,1705,0.065686372,0.017354796
,2024,1706,0.065645343,0.017330921
,2024,1707,0.065604316,0.017307048
,2024,1708,0.06556329,0.017283175
,2024,1709,0.065522266,0.017259302
,2024,1710,0.065481243,0.01723543
,2024,1711,0.065440222,0.017211559
,2024,1712,0.065399203,0.017187688
,2024,1713,0.065358185,0.017163817
,2024,1714,0.065317169,0.017139948
,2024,1715,0.065276154,0.017116078
,2024,1716,0.065235141,0.01709221
,2024,1717,0.065194129,0.017068342
,2024,1718,0.065153119,0.017044474
,2024,1719,0.065112111,0.017020607
,2024,1720,0.065071104,0.016996741
,2024,1721,0.065030099,0.016972875
,2024,1722,0.064989095,0.01694901
,2024,1723,0.064948093,0.016925145
,2024,1724,0.064907092,0.016901281
,2024,1725,0.064866093,0.016877417
,2024,1726,0.064825096,0.016853554
,2024,1727,0.0647841,0.016829692
,2024,1728,0.064743106,0.01680583
,2024,1729,0.064702113,0.016781969
,2024,1730,0.064661122,0.016758108
,2024,1731,0.064620133,0.016734248
,2024,1732,0.064579145,0.016710388
,2024,1733,0.064538158,0.016686529
,2024,1734,0.064497174,0.01666267
,2024,1735,0.064456191,0.016638812
,2024,1736,0.064415209,0.016614955
,2024,1737,0.064374229,0.016591098
,2024,1738,0.06433325,0.016567242
,2024,1739,0.064292274,0.016543386
,2024,1740,0.064251298,0.016519531
,2024,1741,0.064210325,0.016495676
,2024,1742,0.064169352,0.016471822
,2024,1743,0.064128382,0.016447968
,2024,1744,0.064087413,0.016424115
,2024,1745,0.064046446,0.016400263
,2024,1746,0.06400548,0.016376411
,2024,1747,0.063964515,0.01635256
,2024,1748,0.063923553,0.016328709
,2024,1749,0.063882592,0.016304859
,2024,1750,0.063841632,0.016281009
,2024,1751,0.063800674,0.01625716
,2024,1752,0.063759718,0.016233312
,2024,1753,0.063718763,0.016209464
,2024,1754,0.06367781,0.016185617
,2024,1755,0.063636858,0.01616177
,2024,1756,0.063595908,0.016137924
,2024,1757,0.06355496,0.016114078
,2024,1758,0.063514013,0.016090233
,2024,1759,0.063473068,0.016066388
,2024,1760,0.063432124,0.016042544
,2024,1761,0.063391182,0.016018701
,2024,1762,0.063350241,0.015994858
,2024,1763,0.063309302,0.015971016
,2024,1764,0.063268365,0.015947174
,2024,1765,0.063227429,0.015923333
,2024,1766,0.063186494,0.015899492
,2024,1767,0.063145562,0.015875652
,2024,1768,0.063104631,0.015851812
,2024,1769,0.063063701,0.015827973
,2024,1770,0.063022773,0.015804135
,2024,1771,0.062981847,0.015780297
,2024,1772,0.062940922,0.01575646
,2024,1773,0.062899998,0.015732623
,2024,1774,0.062859077,0.015708787
,2024,1775,0.062818157,0.015684951
,2024,1776,0.062777238,0.015661116
,2024,1777,0.062736321,0.015637282
,2024,1778,0.062695406,0.015613448
,2024,1779,0.062654492,0.015589615
,2024,1780,0.06261358,0.015565782
,2024,1781,0.062572669,0.01554195
,2024,1782,0.06253176,0.015518118
,2024,1783,0.062490853,0.015494287
,2024,1784,0.062449947,0.015470456
,2024,1785,0.062409042,0.015446626
,2024,1786,0.062368139,0.015422797
,2024,1787,0.062327238,0.015398968
,2024,1788,0.062286339,0.015375139
,2024,1789,0.062245441,0.015351312
,2024,1790,0.062204544,0.015327484
,2024,1791,0.062163649,0.015303658
,2024,1792,0.062122756,0.015279832
,2024,1793,0.062081864,0.015256006
,2024,1794,0.062040974,0.015232181
,2024,1795,0.062000085,0.015208357
,2024,1796,0.061959198,0.015184533
,2024,1797,0.061918313,0.01516071
,2024,1798,0.061877429,0.015136887
,2024,1799,0.061836547,0.015113065
