"Month","Total_Premiums","Total_Claims","Total_Commission","Total_Ren","Total_Adm"
1,571670.381224002,203898.56185496,5203911.56008614,5177288.37067062,40704711.7520262
2,1132777.2341681,396071.540421564,5150496.45918511,5118559.12446684,40704711.7520262
3,1660457.63471506,569399.683247112,4855082.73074031,4818081.08237753,40704711.7520262
4,2192272.86409512,738555.589857285,4909074.44443763,4866930.85162625,40704711.7520262
5,2731254.61104426,905946.263652858,4985673.35663255,4938288.14900832,40704711.7520262
6,3276045.49419277,1055366.52765266,5099400.8689466,5051690.17361148,40704711.7520262
7,3755381.2510219,1181551.57192539,4520775.83130248,4470958.52257258,40704711.7520262
8,4166416.03982293,1313546.93132217,3839960.84892318,3780818.79310054,40704711.7520262
9,4643747.28586439,1460609.38603759,4495696.26887996,4431812.35455172,40704711.7520262
10,5181506.16465169,1628745.20227731,5073179.09017556,5001215.86849831,40704711.7520262
11,5760741.71005666,1804191.84043468,5503982.39119651,5426292.2842754,40704711.7520262
12,6382692.18088572,1986814.23300351,5941706.19331366,5857893.60368364,40704711.7520262
13,6316691.61958206,1911159.67415653,1218506.70259123,1155991.32849277,40704711.7520262
14,6264024.43643591,1850821.26644427,1317800.18714494,1255327.11361849,40704711.7520262
15,6220867.71006881,1808377.7201684,1356481.26598844,1293982.50601795,40704711.7520262
16,6183866.7155315,1774511.37581224,1461753.62827034,1399194.46984074,40704711.7520262
17,6151915.48864295,1746529.29264274,1574394.461185,1511743.29453272,40704711.7520262
18,6120430.90886435,1721034.19267316,1648249.1867992,1587546.33986141,40704711.7520262
19,6085392.31175139,1696317.13282375,1477424.86510531,1417759.78612332,40704711.7520262
20,6045111.04516858,1672277.62137959,1260440.21271944,1198659.42843192,40704711.7520262
21,6010186.89923649,1650927.5605689,1517854.06395218,1456015.64244825,40704711.7520262
22,5981215.35493558,1632369.33619443,1758724.48273006,1695621.5868813,40704711.7520262
23,5956628.68786958,1616077.89893067,1949034.03552999,1885737.86350551,40704711.7520262
24,5935346.72208542,1601859.44525967,2136323.32026847,2072792.90668733,40704711.7520262
25,5900713.45880193,1587026.39625113,307616.158969014,250531.183714156,40704711.7520262
26,5866759.36298335,1572914.29369026,348370.568455272,291329.952317422,40704711.7520262
27,5831629.01691458,1558889.90015472,362870.081889552,305882.923120642,40704711.7520262
28,5797759.2224167,1545733.76768669,403631.577786375,346685.706393058,40704711.7520262
29,5765268.47059795,1533465.18687935,442460.830818229,385542.820139973,40704711.7520262
30,5734212.34077245,1521764.18876052,477344.138395524,421798.918420286,40704711.7520262
31,5699053.92258553,1508936.41912909,441394.454144701,386634.20342801,40704711.7520262
32,5658864.2296007,1495152.97524169,392733.911236068,336684.182600523,40704711.7520262
33,5624229.94752509,1483551.17511165,468923.470502132,412932.1268098,40704711.7520262
34,5594537.30989725,1474095.86858502,535612.269314861,478873.980739511,40704711.7520262
35,5568652.3248743,1466226.6426755,584698.797723563,527917.302852607,40704711.7520262
36,5546568.35105071,1459928.48032325,630438.076094257,573577.628277438,40704711.7520262
37,5513838.2319721,1451215.68825349,461483.150123099,408785.439983654,40704711.7520262
38,5484022.91755653,1443516.10339994,469842.703843922,417240.986731378,40704711.7520262
39,5455242.97869704,1436118.17919902,457060.718321664,404544.46333563,40704711.7520262
40,5429813.08056818,1429898.80858633,472037.82911123,419576.228497374,40704711.7520262
41,5407866.5021051,1424901.91883321,488605.363879048,436166.256621117,40704711.7520262
42,5389487.25552597,1420969.50199207,505209.18772003,453708.382643244,40704711.7520262
43,5369163.13141001,1416111.49500238,458081.697990706,407100.128868778,40704711.7520262
44,5345673.82192515,1410182.8362237,400769.790752129,348855.478279533,40704711.7520262
45,5329279.95691755,1406873.23929061,462804.06718706,410869.082777572,40704711.7520262
46,5319625.20422851,1406122.2042809,519153.394118463,466605.828296197,40704711.7520262
47,5315801.73680243,1407455.54582459,562716.428239778,510018.945720179,40704711.7520262
48,5317967.060024,1410911.10493977,606708.86946666,553806.386392582,40704711.7520262
49,5309711.08006399,1405682.53429045,471569.82954612,421411.877526354,40704711.7520262
50,5302011.84272066,1400800.81290071,476910.145527995,426701.447683036,40704711.7520262
51,5293118.52395784,1395774.77483866,461705.225989074,411454.614870024,40704711.7520262
52,5285331.18695119,1391235.75012209,473728.208684237,423424.10774461,40704711.7520262
53,5278778.48303452,1387211.61478555,487391.558957118,437021.139271035,40704711.7520262
54,5273536.48435126,1383621.11706571,501425.055198128,451644.754013476,40704711.7520262
55,5264366.67576303,1379055.61056038,453812.62742897,404348.805973139,40704711.7520262
56,5250326.77741479,1373393.68989921,396094.035551022,345944.582883527,40704711.7520262
57,5241409.99723031,1369295.6213473,455432.932688019,405239.753102368,40704711.7520262
58,5237099.09247182,1366665.25829016,509175.644391466,458520.980166817,40704711.7520262
59,5236378.31731976,1365163.62396034,550685.829438504,499899.998075023,40704711.7520262
60,5239288.49083753,1364797.3313604,592750.741871616,541799.060693691,40704711.7520262
61,5232053.58578163,1361643.3575988,460733.483586339,411716.724964279,40704711.7520262
62,5224313.11243962,1358762.13133337,465930.521347119,416889.169880972,40704711.7520262
63,5215358.74688743,1355749.01999512,451062.610369846,402005.981770383,40704711.7520262
64,5207484.16412283,1353253.44974093,462782.28465137,413699.607565252,40704711.7520262
65,5200816.68656887,1351306.76427313,476103.196290854,426982.497435316,40704711.7520262
66,5195433.03363707,1349898.05384597,489962.413974821,441267.815823071,40704711.7520262
67,5186351.97293491,1347547.64132957,443538.808537929,395085.205254128,40704711.7520262
68,5172521.22877224,1344003.94955811,386965.416017253,338051.565983863,40704711.7520262
69,5163521.85012141,1342062.26542667,444884.990369725,395955.462942795,40704711.7520262
70,5159090.80234778,1341612.33534371,497242.559738953,447989.050759331,40704711.7520262
71,5158080.81928344,1342344.12204287,537752.677501468,488401.696125256,40704711.7520262
72,5160665.91977265,1344278.61181552,578805.641393262,529323.835744394,40704711.7520262
73,5152616.32564266,1343560.22704419,449202.908020642,401786.655317609,40704711.7520262
74,5145687.04403032,1343166.4304672,454251.629364808,406836.262915426,40704711.7520262
75,5137545.34826613,1342529.48110794,439726.328209137,392322.611764414,40704711.7520262
76,5130450.54506023,1342313.94298445,451133.005788032,403731.161779773,40704711.7520262
77,5124529.0501407,1342554.65947992,464100.778203175,416689.839335421,40704711.7520262
78,5119857.01466643,1343269.9637855,477877.214617149,430626.251494078,40704711.7520262
79,5111485.80277043,1342939.08132416,432720.321692272,385581.685920106,40704711.7520262
80,5098396.04197436,1341270.10806715,377214.286800626,329949.961957311,40704711.7520262
81,5090094.15266669,1341146.19420026,433678.062111561,386428.301262889,40704711.7520262
82,5086277.65458313,1342437.73191101,484560.703333941,437183.224073441,40704711.7520262
83,5085840.42556302,1344847.17431966,524044.113085794,476605.057315287,40704711.7520262
84,5088931.31936573,1348395.54753105,564058.778875331,516525.526830506,40704711.7520262
85,5082270.44596701,1349193.78634713,437916.44509594,391477.585109731,40704711.7520262
86,5077286.71706953,1350234.4899807,442818.601709892,396400.8674246,40704711.7520262
87,5071067.04278888,1350887.84235962,428655.56420608,382270.409108197,40704711.7520262
88,5065880.3937368,1351827.21458361,439747.053503286,393385.383103657,40704711.7520262
89,5061854.8302686,1353090.9418569,452358.609332848,406010.161734782,40704711.7520262
90,5059067.45230835,1354702.22237319,465933.22899485,419587.302376555,40704711.7520262
91,5052356.73251565,1355131.71123545,422028.447890291,375720.692398429,40704711.7520262
92,5040796.17839505,1354101.36263551,367766.003420728,321540.191471098,40704711.7520262
93,5034235.91408013,1354533.10434504,422734.007213426,376545.413778945,40704711.7520262
94,5032166.56949897,1356276.58988787,472170.795782382,425978.847328847,40704711.7520262
95,5033587.88331085,1359035.40218301,510603.251978041,464376.696612837,40704711.7520262
96,5038540.2474489,1362821.6147787,549554.726597897,503261.770445916,40704711.7520262
97,5033523.7186117,1364145.76869059,427176.892874139,380908.158518221,40704711.7520262
98,5028990.78560829,1365599.47278548,431951.729005878,385701.869277256,40704711.7520262
99,5023217.63538661,1366648.52346336,418182.829957662,371963.386611772,40704711.7520262
100,5018471.86805258,1367995.52113271,428975.387212753,382777.293198857,40704711.7520262
101,5014881.50398665,1369680.06574575,441246.495601699,395059.508475214,40704711.7520262
102,5012523.50525663,1371725.99700317,454454.639065593,408267.891813905,40704711.7520262
103,5006239.46833044,1372533.70262759,411757.488789744,365606.847777606,40704711.7520262
104,4995103.70948761,1371819.01816445,358982.254406029,312911.924238991,40704711.7520262
105,4988960.11928173,1372633.31464874,412443.582679358,366408.571525227,40704711.7520262
106,4987299.5964342,1374820.54080034,460528.544823808,414488.315508107,40704711.7520262
107,4989122.39036924,1378072.15338071,497913.588251464,451836.753087011,40704711.7520262
108,4994470.23635235,1382401.69585026,535805.711733541,489660.440096054,40704711.7520262
109,4989535.66865464,1383837.97542808,415810.865697851,369689.53691399,40704711.7520262
110,4985081.04066167,1385403.19645535,420451.259593922,374349.252948415,40704711.7520262
111,4979395.47850929,1386553.91854661,407098.898715655,361027.72392233,40704711.7520262
112,4974726.18306883,1388005.71780653,417576.404948872,371527.063124168,40704711.7520262
113,4971200.09168784,1389799.54487726,429488.726452966,383451.043505454,40704711.7520262
114,4968893.65124748,1391960.26763647,442310.602664011,396273.693120932,40704711.7520262
115,4962694.01014321,1392861.55940419,400888.256142742,354887.915852197,40704711.7520262
116,4951683.71136535,1392211.04346297,349683.717145291,303764.140514372,40704711.7520262
117,4945620.41693172,1393113.2288891,401554.095906803,355670.391457723,40704711.7520262
118,4943999.48360995,1395409.00256842,448211.042141872,402322.892810819,40704711.7520262
119,4945829.98648766,1398784.20493148,484488.919884201,438565.030542101,40704711.7520262
120,4951152.41335706,1403252.38636334,521260.779373937,475269.465864114,40704711.7520262
121,4946029.9574354,1404685.96110909,403702.525207973,357736.401177849,40704711.7520262
122,4941381.40557326,1406246.87191583,408200.013974338,362254.949160408,40704711.7520262
123,4935524.63248901,1407386.47636656,395289.949020759,349377.314951977,40704711.7520262
124,4930672.48162114,1408827.6765988,405432.507774891,359543.301460351,40704711.7520262
125,4926949.51773421,1410611.81716035,416963.132584128,371087.196212731,40704711.7520262
126,4924430.81499111,1412764.02318969,429373.758520744,383500.234153677,40704711.7520262
127,4918082.19730449,1413641.97130516,389305.068861428,343469.459474682,40704711.7520262
128,4907000.22909791,1412951.24700675,339769.083134097,294015.23859189,40704711.7520262
129,4900792.04575098,1413827.47624407,389949.152009327,344232.458254166,40704711.7520262
130,4898960.55566629,1416108.85484434,435088.237158046,389368.617722198,40704711.7520262
131,4900530.21219945,1419477.07845144,470188.449636783,424434.783686749,40704711.7520262
132,4905541.00760639,1423944.93562133,505768.177156904,459948.955285791,40704711.7520262
133,4899980.93715996,1425568.19886858,391675.534043254,345881.922817997,40704711.7520262
134,4894886.81627855,1427325.84411492,396026.277161042,350254.203934359,40704711.7520262
135,4888613.68945498,1428653.43219283,383552.026532202,337812.83388576,40704711.7520262
136,4883323.14782643,1430293.80020762,393356.581432232,347641.334736631,40704711.7520262
137,4879137.10130864,1432289.31259246,404502.71399614,358801.329560893,40704711.7520262
138,4876128.97130337,1434665.60177839,416499.39185385,370801.089220142,40704711.7520262
139,4869380.98020629,1435733.79175342,377775.282107057,332115.423617273,40704711.7520262
140,4858010.91712234,1435167.63874171,329897.626510396,284319.879416014,40704711.7520262
141,4851404.17573353,1436189.41669187,378392.532306605,332852.514399453,40704711.7520262
142,4849074.82536655,1438633.84877621,422018.403666307,376476.251901814,40704711.7520262
143,4850069.51991846,1442173.40098714,455944.330219951,410369.095108091,40704711.7520262
144,4854427.03383415,1446820.7765577,490335.678224194,444696.02455726,40704711.7520262
145,4850017.95605019,1448469.90671144,379615.673926851,333993.264460049,40704711.7520262
146,4846069.73620971,1450231.97650844,383825.761331332,338216.569242214,40704711.7520262
147,4840905.78149166,1451531.20895209,371794.524606686,326210.265597741,40704711.7520262
148,4836730.21409854,1453124.47092594,381267.376158934,335699.027062611,40704711.7520262
149,4833667.46974595,1455051.48228447,392035.704766736,346473.069229641,40704711.7520262
150,4831792.48438663,1457335.35166948,403625.593515529,358057.76329687,40704711.7520262
151,4826092.22969034,1458243.07717059,366255.571453035,320718.78394203,40704711.7520262
152,4815667.73355372,1457490.90879514,320045.600561943,274584.571715732,40704711.7520262
153,4810086.73061309,1458430.97685948,366859.694412568,321429.170975232,40704711.7520262
154,4808853.82528395,1460896.24924604,408977.988409432,363537.34317151,40704711.7520262
155,4810997.0757246,1464552.60375624,441736.696380631,396254.412565078,40704711.7520262
156,4816555.95281492,1469417.33004502,474947.543518454,429391.709678026,40704711.7520262
157,4812820.34627512,1471362.69336979,367183.398474885,321638.80583016,40704711.7520262
158,4809540.81436477,1473502.19023431,371249.700732429,325712.335627388,40704711.7520262
159,4805023.89865369,1475237.57888691,359678.303534284,314160.207446283,40704711.7520262
160,4801496.36998099,1477348.57201446,368809.88795417,323301.981331512,40704711.7520262
161,4799083.98507132,1479888.96780746,379189.184447529,333681.180331348,40704711.7520262
162,4797862.48377196,1482894.65291494,390359.992378356,344840.873476602,40704711.7520262
163,4792768.02123918,1484557.95494928,354390.579771189,308897.330120081,40704711.7520262
164,4782892.93437029,1484560.32338137,309905.737736669,264483.965918721,40704711.7520262
165,4777902.53135811,1486239.339492,354982.073319915,309585.771720098,40704711.7520262
166,4777296.12282879,1489418.88798293,395541.10040403,350128.977832722,40704711.7520262
167,4780091.57451742,1493752.67237989,427091.926257715,381631.975876231,40704711.7520262
168,4786328.55303613,1499253.16857948,459080.602916606,413540.419852885,40704711.7520262
169,4781732.04476521,1501058.13226828,354295.691170184,308771.996071954,40704711.7520262
170,4777586.04242163,1502972.75413513,358202.79198483,312691.551922458,40704711.7520262
171,4772244.73675298,1504406.17323588,347099.689636183,301612.766487441,40704711.7520262
172,4767872.76255473,1506123.90973072,355866.899411733,310395.288444433,40704711.7520262
173,4764592.18698668,1508164.57348374,365831.729367995,320365.230399886,40704711.7520262
174,4762476.42525362,1510549.23087522,376556.36211902,331084.051791396,40704711.7520262
175,4756602.67117026,1511565.1383074,342032.60741171,296591.057302882,40704711.7520262
176,4746088.87518741,1510903.23693105,299332.134779525,253966.447944933,40704711.7520262
177,4740331.17247411,1511910.30823868,342593.480712056,297258.107816696,40704711.7520262
178,4738842.33830959,1514413.770914,381521.383318065,336175.439147852,40704711.7520262
179,4740667.19072759,1518074.07354886,411804.888923832,366416.6768589,40704711.7520262
180,4745844.01819138,1522905.06240143,442510.115351993,397047.551183301,40704711.7520262
181,4741646.71758964,1525380.04538491,341002.45222184,295554.850882488,40704711.7520262
182,4737896.55523778,1528001.45901808,344751.600255885,299314.954662147,40704711.7520262
183,4732941.57769693,1530136.69220846,334134.558939611,288720.850399463,40704711.7520262
184,4728953.36512119,1532619.055851,342533.352273096,297133.521414931,40704711.7520262
185,4726054.26743217,1535496.31396995,352078.583893664,306682.378469862,40704711.7520262
186,4724317.94888813,1538797.51905546,362351.303353044,316947.748565655,40704711.7520262
187,4718804.49812219,1540629.16016043,329317.114470519,283943.084550194,40704711.7520262
188,4708629.11666149,1540651.11775368,288453.365485725,243154.32699979,40704711.7520262
189,4703221.01159877,1542478.14010331,329857.454739147,284587.547538041,40704711.7520262
190,4702091.11443786,1545924.74215632,367117.418495086,321835.485596231,40704711.7520262
191,4704280.70677389,1550624.9481737,396106.891460561,350781.035593086,40704711.7520262
192,4709827.9583481,1556594.39002017,425502.026786504,380099.963086443,40704711.7520262
193,4704636.49828643,1558526.91832311,327056.609012033,281669.674965713,40704711.7520262
194,4699885.42574485,1560600.1407867,330640.570951483,285264.77962808,40704711.7520262
195,4693976.95742035,1562197.67608624,320532.905654109,275180.312846263,40704711.7520262
196,4689012.48096421,1564131.99737684,328546.184547892,283207.715396573,40704711.7520262
197,4685110.08450309,1566449.53728571,337652.217763687,292317.597752641,40704711.7520262
198,4682340.77987888,1569178.47422747,347451.820257225,302110.049674078,40704711.7520262
199,4675925.08265109,1570458.0100436,315977.352739003,270665.458528291,40704711.7520262
200,4665007.23688954,1569957.07419331,277037.274448791,231800.901030068,40704711.7520262
201,4658710.14987503,1571199.24613801,316496.100942947,271289.221609734,40704711.7520262
202,4656560.09699201,1574001.72968424,352008.521792603,306789.837782884,40704711.7520262
203,4657629.11066801,1578005.92147845,379641.56212136,334379.073721573,40704711.7520262
204,4661953.79822548,1583225.28362214,407662.996107718,362324.316905367,40704711.7520262
205,4656847.36412507,1583961.85980738,313099.942624628,267773.237613363,40704711.7520262
206,4652175.7253027,1584820.39438102,316517.072099951,271198.350560516,40704711.7520262
207,4646350.57370784,1585221.13861767,306918.906513093,261620.448420159,40704711.7520262
208,4641461.43045483,1585922.27581725,314544.192924919,269256.868904486,40704711.7520262
209,4637625.72042688,1586964.85849565,323208.342855935,277921.808744216,40704711.7520262
210,4634914.00553647,1588372.72653652,332531.983559664,287235.160356067,40704711.7520262
211,4628574.54016996,1588436.90714268,302621.449454949,257351.936446084,40704711.7520262
212,4617756.88385415,1586848.6270348,265610.211920077,220414.33579728,40704711.7520262
213,4611531.23673479,1586906.94981309,303118.306548007,257949.471588832,40704711.7520262
214,4609426.07494535,1588440.67865075,336878.627530567,291695.036572504,40704711.7520262
215,4610518.44380753,1591114.18422205,363152.101649693,317921.388718429,40704711.7520262
216,4614844.45670542,1594940.31772705,389796.970862903,344486.383362765,40704711.7520262
217,4607661.86772395,1595313.72400654,298824.287172601,253534.354204524,40704711.7520262
218,4600906.77429352,1595825.16629117,302060.228994209,256787.009441179,40704711.7520262
219,4593093.88906533,1595901.50331252,292972.815341797,247728.381148698,40704711.7520262
220,4586174.41551272,1596297.57727392,300191.744549116,254967.105461232,40704711.7520262
221,4580258.00928588,1597056.17399898,308394.488301012,263179.452496769,40704711.7520262
222,4575410.46602497,1598203.09078257,317221.917345716,272005.56969837,40704711.7520262
223,4567192.98351752,1598023.08459356,288900.153215163,243719.431196543,40704711.7520262
224,4554811.56478244,1596209.25844529,253852.280658595,208752.691003204,40704711.7520262
225,4546739.16201108,1596036.36744076,289357.60352896,244293.295242493,40704711.7520262
226,4542534.94596302,1597334.87854495,321316.876268618,276246.723679027,40704711.7520262
227,4541336.21987423,1599771.97725271,346189.490088024,301081.65211596,40704711.7520262
228,4543176.19443632,1603360.72579764,371415.161604455,326237.426444788,40704711.7520262
229,4538695.98119639,1604175.89961754,284338.894837823,239213.802410205,40704711.7520262
230,4534638.34798146,1605118.72291929,287367.174275996,242290.845797178,40704711.7520262
231,4529418.59929201,1605591.25854278,278769.224619495,233752.402408475,40704711.7520262
232,4525121.13064429,1606381.68888576,285554.849446194,240588.958073645,40704711.7520262
233,4521863.39270796,1607534.49099991,293268.415972974,248343.803124905,40704711.7520262
234,4519715.84096466,1609076.38138722,301571.108198039,256677.476723736,40704711.7520262
235,4513940.68077875,1609217.61323517,274825.375434028,229996.295111781,40704711.7520262
236,4503690.93656219,1607639.53115774,241733.998083221,197010.888766806,40704711.7520262
237,4498011.51308688,1607760.55216487,275203.646441185,230544.195459634,40704711.7520262
238,4496431.77537411,1609402.16173693,305327.42217917,260693.669171255,40704711.7520262
239,4498030.51070803,1612215.67490549,328765.042993079,284127.548292226,40704711.7520262
240,4502842.97331244,1616213.61146222,352535.244557879,307864.229971802,40704711.7520262
241,4496761.416983,1617855.29184338,269143.132868192,224489.792077022,40704711.7520262
242,4491097.902979,1619638.73251438,272029.478248284,227389.816677986,40704711.7520262
243,4484346.76602437,1620915.31578792,264001.529004034,219387.715268303,40704711.7520262
244,4478488.9238132,1622539.84637889,270412.032872574,225814.973058287,40704711.7520262
245,4473635.35611515,1624560.81129289,277694.362919034,233103.765633738,40704711.7520262
246,4469852.58421225,1627007.44733627,285530.663133665,240935.514903658,40704711.7520262
247,4462635.37756604,1627933.17560222,260464.144807139,215901.793088245,40704711.7520262
248,4451178.70313947,1626990.53293481,229433.234515313,184949.67983691,40704711.7520262
249,4444083.21391902,1627887.09098675,260877.91685582,216426.833688674,40704711.7520262
250,4440900.8026874,1630430.09381687,289188.472311327,244728.327359642,40704711.7520262
251,4440755.02595667,1634241.9710091,311228.341336606,266726.990090154,40704711.7520262
252,4443679.00742284,1639336.79269073,333584.746470503,289009.667946943,40704711.7520262
253,4438902.08517572,1640651.88051162,253982.468201656,209441.227104431,40704711.7520262
254,4434539.97869107,1642103.57501461,256671.016512462,212159.650357341,40704711.7520262
255,4429042.44814226,1643042.09367786,249174.452933162,204704.523205331,40704711.7520262
256,4424449.80409689,1644321.93384045,255150.528283321,210713.143807898,40704711.7520262
257,4420876.68086705,1645990.74006113,261940.235978194,217525.356858947,40704711.7520262
258,4418391.76412298,1648076.87196421,269247.00105366,224843.894730964,40704711.7520262
259,4412356.75547032,1648643.78039581,245847.642486807,201492.087697984,40704711.7520262
260,4401943.23155993,1647345.61808971,216880.136768346,172616.231550675,40704711.7520262
261,4396006.56743997,1647892.33788702,246210.518929661,201993.568719719,40704711.7520262
262,4394085.11543017,1650090.83087316,272617.690202663,228407.621190781,40704711.7520262
263,4395276.23452131,1653563.18910882,293174.420244908,248940.192203326,40704711.7520262
264,4399613.80429298,1658323.45552599,314027.250509829,269737.463653177,40704711.7520262
265,4394434.50890283,1659693.1216367,238444.858432016,194342.355703717,40704711.7520262
266,4389667.14371768,1661209.71211005,240795.901397715,196876.934883538,40704711.7520262
267,4383786.45838897,1662206.47997316,233699.551358,189969.115338082,40704711.7520262
268,4378800.01212365,1663561.97458868,239104.145774014,195555.846533305,40704711.7520262
269,4374820.32746611,1665325.90603985,245261.060184412,201887.876073348,40704711.7520262
270,4371914.82226255,1667528.19482205,251894.810289889,208689.344331112,40704711.7520262
271,4365519.10084491,1668173.24469197,230043.399078442,187024.289619717,40704711.7520262
272,4354818.38384375,1666904.86371216,203040.609539055,160231.147462287,40704711.7520262
273,4348527.21196826,1667533.86239331,230126.140621499,187499.938069386,40704711.7520262
274,4346190.83645701,1669862.10895073,254485.19261859,212018.466205868,40704711.7520262
275,4346920.60042231,1673501.62039019,273404.267654298,231078.304699974,40704711.7520262
276,4350749.52148836,1678466.99554902,292587.469907772,250383.374173443,40704711.7520262
277,4344520.56015859,1680313.30033898,221160.426663892,178986.711490963,40704711.7520262
278,4338697.01047078,1682313.04608879,223482.4091965,181335.350362796,40704711.7520262
279,4331808.02673939,1683765.1741859,217093.118908964,174984.050399191,40704711.7520262
280,4325788.58725291,1685593.44495784,222223.122453858,180143.614827121,40704711.7520262
281,4320747.14200874,1687850.18894831,228048.999941459,185989.48896979,40704711.7520262
282,4316748.44051556,1690566.93378454,234317.294388183,192267.536602682,40704711.7520262
283,4309393.95291724,1691645.34730608,214321.062075092,172315.683003204,40704711.7520262
284,4297899.18506501,1690710.70582407,189556.2102732,147637.848188218,40704711.7520262
285,4290662.36784161,1691769.92426502,214641.545764351,172767.154793036,40704711.7520262
286,4287244.35338718,1694614.91392701,237231.380778039,195362.367329135,40704711.7520262
287,4286787.79183756,1698837.9252192,254821.503824092,212928.00361797,40704711.7520262
288,4289323.75218654,1704454.49020837,272667.234095787,230719.053965729,40704711.7520262
289,4281621.43500209,1702655.37072909,205023.400034623,163284.491037354,40704711.7520262
290,4274313.50534731,1700963.76639242,206977.137810795,165444.405232585,40704711.7520262
291,4266009.62365054,1698827.40901694,200985.0655401,159662.463926972,40704711.7520262
292,4258541.76155715,1696975.28687406,205504.806489782,164386.982396278,40704711.7520262
293,4252011.77244294,1695447.52869727,210656.424384869,169737.524409328,40704711.7520262
294,4246480.36969206,1694267.73263568,216208.220173259,175482.100934205,40704711.7520262
295,4237782.73219874,1691782.7369902,197798.493753571,157280.174740905,40704711.7520262
296,4225177.16567164,1687702.61742365,175054.763870592,134762.993795981,40704711.7520262
297,4216615.94100316,1685187.93938906,197795.459390288,157708.563133513,40704711.7520262
298,4211681.69498667,1684068.97614437,218241.991541065,178340.469244471,40704711.7520262
299,4209561.63550471,1684019.42709622,234112.166610649,194380.702299624,40704711.7520262
300,4210284.43290464,1685047.45822422,250202.706945724,210625.883264567,40704711.7520262
301,4201474.53874473,1681307.11165055,187970.958794269,148476.559744205,40704711.7520262
302,4193059.03926582,1677655.62556889,189864.812530049,150449.449217405,40704711.7520262
303,4183712.67551326,1673608.99250415,184526.67172361,145199.040270195,40704711.7520262
304,4175177.99120716,1669806.8497052,188749.767143623,149502.644752567,40704711.7520262
305,4167551.66046773,1666283.69940647,193549.64489402,154374.923755832,40704711.7520262
306,4160891.27675659,1663059.4879863,198715.85562169,159604.900803911,40704711.7520262
307,4151233.13167844,1658685.31927184,182075.855940761,143056.210604857,40704711.7520262
308,4137871.3665196,1652910.25913693,161476.384696692,122582.024172862,40704711.7520262
309,4128373.83333442,1648506.55704739,182256.172619262,143451.979707918,40704711.7520262
310,4122343.16155901,1645321.85519184,200963.09534311,162217.582941732,40704711.7520262
311,4119005.67932652,1643067.04008808,215518.273596285,176807.024999438,40704711.7520262
312,4118388.42671961,1641746.72845087,230283.989057096,191582.348634132,40704711.7520262
313,4112149.49837262,1642927.84894462,172271.482151782,133639.852603559,40704711.7520262
314,4106296.26407746,1644267.6970147,173993.137641594,135428.047882612,40704711.7520262
315,4099414.3129019,1645042.97088154,169200.230251335,130710.706970364,40704711.7520262
316,4093366.19940083,1646207.05791278,173019.288532601,134597.885078062,40704711.7520262
317,4088255.84380085,1647813.7023725,177358.899021785,138997.252571702,40704711.7520262
318,4084145.21801278,1649895.15044073,182029.604277907,143718.80561465,40704711.7520262
319,4076801.60583594,1650286.43528633,167053.846547049,128822.426624429,40704711.7520262
320,4065471.97336336,1648602.18636932,148506.678701238,110389.832191233,40704711.7520262
321,4058239.24516797,1648977.44677915,167230.827602008,129192.254979678,40704711.7520262
322,4054678.60885521,1651196.14050486,184091.995688464,146099.148251629,40704711.7520262
323,4053963.52499499,1654836.37685119,197216.869311297,159244.50667799,40704711.7520262
324,4056122.65583867,1659913.23059593,210534.201788232,172556.829662589,40704711.7520262
325,4047967.59925413,1661291.00990892,156387.680476405,118442.380839742,40704711.7520262
326,4040191.4953929,1662831.5086832,157965.8642101,120049.160354035,40704711.7520262
327,4031475.49561434,1663788.20380928,153759.935900294,115882.428895865,40704711.7520262
328,4023555.65944448,1665145.16066893,157196.348620747,119350.083143963,40704711.7520262
329,4016528.11589886,1666957.83682443,161095.432406068,123271.416853501,40704711.7520262
330,4010450.06294892,1669259.49656647,165289.297285332,127477.920393185,40704711.7520262
331,4001374.8124059,1669815.62844299,152038.059697385,114271.866450339,40704711.7520262
332,3988601.27616005,1668228.63542885,135607.426539573,97926.4595137888,40704711.7520262
333,3979666.34407177,1668766.52889828,152256.354174544,114620.142268692,40704711.7520262
334,3974172.61329122,1671206.14418719,167258.430384387,129630.725246098,40704711.7520262
335,3971348.42678325,1675111.91187982,178949.521548997,141302.301554274,40704711.7520262
336,3971219.71373409,1680499.297986,190815.716437415,153120.671103594,40704711.7520262
337,3964073.73560114,1681517.88701261,141325.174941123,103697.757297843,40704711.7520262
338,3957303.68360239,1682701.15932474,142684.320188488,105121.135060116,40704711.7520262
339,3949564.27891601,1683303.21915729,138973.51640448,101483.7007219,40704711.7520262
340,3942627.63159176,1684307.38409916,141960.636439634,104536.743017021,40704711.7520262
341,3936592.13898316,1685768.97391866,145353.188073277,107986.849144758,40704711.7520262
342,3931516.25297179,1687721.12611619,149003.978001417,111686.279687542,40704711.7520262
343,3923373.83862857,1687931.19450351,137361.38407438,100121.058374821,40704711.7520262
344,3911449.95363678,1686002.29779353,122930.854565717,85803.3142165584,40704711.7520262
345,3903433.5956463,1686199.14066455,137492.874025924,100441.634929719,40704711.7520262
346,3898918.84326425,1688298.29348202,150611.534721417,113603.914827831,40704711.7520262
347,3897118.18538005,1691864.15411382,160828.035603315,123838.715268556,40704711.7520262
348,3898057.93994269,1696911.86771313,171197.677463036,134201.088153166,40704711.7520262
349,3888734.12542187,1698081.38796756,125954.629041803,89030.4037012272,40704711.7520262
350,3879781.67045482,1699420.88813396,127128.673330065,90273.4002829943,40704711.7520262
351,3869965.45260072,1700163.33848746,123940.724264215,87163.2964817695,40704711.7520262
352,3860909.90254997,1701319.86230388,126513.673790336,89806.831987877,40704711.7520262
353,3852704.82503443,1702947.31566022,129435.692011002,92791.2812175868,40704711.7520262
354,3845403.43292745,1705079.74149183,132580.349228268,95989.6808223841,40704711.7520262
355,3835313.33234693,1705421.30110815,122563.737008696,86054.8431598551,40704711.7520262
356,3821779.69364899,1703563.89796347,110144.169992982,73751.5874215291,40704711.7520262
357,3811854.26222547,1703892.89317461,122662.854972422,86350.9754631996,40704711.7520262
358,3805163.65253241,1706178.47664603,133942.805215329,97679.7346966274,40704711.7520262
359,3800984.58214617,1709972.67722014,142728.462219073,106489.497327444,40704711.7520262
360,3799340.33971833,1715291.02340585,151647.455905485,115407.659838774,40704711.7520262
361,3790756.07632725,1715797.41222947,110663.556850721,74531.0682741571,40704711.7520262
362,3782532.64135841,1716468.25559316,111624.649082247,75596.1638901845,40704711.7520262
363,3773427.44424712,1716551.70475323,108924.442843732,73007.2811524914,40704711.7520262
364,3765075.15890549,1717039.22204157,111058.482170949,75246.0061463517,40704711.7520262
365,3757566.07656557,1717986.3055832,113485.190570185,77769.9978465619,40704711.7520262
366,3750953.6806086,1719426.05635219,116098.444221048,80472.6792380711,40704711.7520262
367,3741523.17950835,1719107.98424623,107661.262526467,72148.8095480675,40704711.7520262
368,3728616.78944259,1716633.30205686,97205.6308398979,61835.9839326256,40704711.7520262
369,3719330.26962437,1716301.66965987,107678.091631675,72420.1141633077,40704711.7520262
370,3713287.09807625,1717886.46412555,117110.675881816,81936.4618930497,40704711.7520262
371,3709758.6712736,1720947.38474298,124449.353005707,89337.2291220204,40704711.7520262
372,3708767.65592131,1725498.71662952,131899.130591564,96827.2382928311,40704711.7520262
373,3698431.20051249,1726032.88117143,95801.9546747828,60912.6217852395,40704711.7520262
374,3688451.63576277,1726742.45758555,96513.3342937193,61803.5258924467,40704711.7520262
375,3677685.37430528,1726858.96217617,94225.9258909464,59699.6038931605,40704711.7520262
376,3667638.08302204,1727395.44774685,95899.0650025947,61551.0186890671,40704711.7520262
377,3658392.23119321,1728408.66797238,97811.0420372871,63635.5714924011,40704711.7520262
378,3649996.44224601,1729932.5049882,99874.7563198523,65865.8794745856,40704711.7520262
379,3639028.23542365,1729666.87549117,92883.6344080767,59056.2151376961,40704711.7520262
380,3624882.0571957,1727203.53894072,84243.260278954,50615.8110124528,40704711.7520262
381,3614094.7060155,1726936.25879977,92747.0383465448,59298.2399753525,40704711.7520262
382,3606318.08762676,1728633.97769889,100393.609659606,67104.3155775221,40704711.7520262
383,3600880.11366502,1731847.18506045,106320.123035733,73175.3261576506,40704711.7520262
384,3597800.96467671,1736590.85383293,112333.329568955,79317.93885932,40704711.7520262
385,3586989.2967905,1736675.4819136,80086.2527944022,47120.6637841262,40704711.7520262
386,3576525.41041312,1736928.91258082,80763.3447552731,47844.362109809,40704711.7520262
387,3565315.66674162,1736590.81243875,79100.1514631118,46236.8729132967,40704711.7520262
388,3554797.34346989,1736663.94634631,80520.6952255652,47706.0150159319,40704711.7520262
389,3545048.9604626,1737204.25639177,82129.5887490842,49355.504181715,40704711.7520262
390,3536116.72987567,1738245.0233593,83859.4524872209,51117.4289449335,40704711.7520262
391,3524732.86461781,1737510.38016832,78519.5865603951,45837.8742932237,40704711.7520262
392,3510320.27067484,1734597.79696591,71874.4644175771,39287.8179470131,40704711.7520262
393,3499121.02250128,1733855.84476454,78586.0327875688,46058.9278881882,40704711.7520262
394,3490801.92330828,1735054.48848277,84645.3763560951,52146.0189351565,40704711.7520262
395,3484720.3785122,1737747.73697526,89377.0415452049,56880.8537054371,40704711.7520262
396,3480894.83107211,1741949.45068062,94186.8312215743,61669.0138636175,40704711.7520262
397,3472555.1590453,1741251.08610779,67929.9435186318,35483.5205218736,40704711.7520262
398,3464564.40710587,1740732.95629834,68423.8996957914,36045.4948846926,40704711.7520262
399,3455751.33204991,1739655.33019055,67146.447769749,34844.0386823143,40704711.7520262
400,3447658.02463489,1738993.09369977,68202.0489769326,35968.6949361686,40704711.7520262
401,3440369.21728352,1738800.52325821,69401.1662910238,37229.0972961646,40704711.7520262
402,3433934.84927922,1739109.87251201,70692.8364714705,38573.7959596659,40704711.7520262
403,3424850.93997193,1737707.48920142,66630.7052225602,34590.306538542,40704711.7520262
404,3412497.70146909,1734199.76410344,61575.8527010109,29645.7143391816,40704711.7520262
405,3403567.97267854,1732815.37224729,66627.1996737886,34774.2540428057,40704711.7520262
406,3397705.47428234,1733331.03444529,71189.3141255542,39383.9208829401,40704711.7520262
407,3394222.05276417,1735313.28443018,74750.1373687196,42969.3024254925,40704711.7520262
408,3393138.17192659,1738775.78799659,78372.8186545722,46593.3452831716,40704711.7520262
409,3381550.05904388,1737720.11399687,54668.2346287751,23128.2998273094,40704711.7520262
410,3370301.16102474,1736849.59455902,54848.0160442823,23543.9532696335,40704711.7520262
411,3358387.95955635,1735434.39799535,53857.1444201088,22788.87037414,40704711.7520262
412,3347130.52777557,1734436.24918986,54412.7054151362,23575.4873566856,40704711.7520262
413,3336600.54547747,1733908.57774239,55062.0179660832,24450.8900870484,40704711.7520262
414,3326839.94460468,1733883.12602391,55771.0768418015,25380.947258175,40704711.7520262
415,3314847.79131699,1732175.32374206,52929.5291681865,22765.9960353097,40704711.7520262
416,3300094.58301705,1728399.41380071,49440.9490009577,19511.5483378015,40704711.7520262
417,3288312.25804244,1726727.90821675,52643.8261867301,22935.7762603141,40704711.7520262
418,3279193.60463597,1726940.66439812,55511.0857557349,26012.6930275564,40704711.7520262
419,3272147.56901375,1728610.16804979,57705.2299139361,28406.9078056259,40704711.7520262
420,3267190.25293351,1731750.08465941,59931.1731493956,30823.2839347541,40704711.7520262
421,3257236.70755685,1731241.3115292,41741.2733501202,12743.7050694135,40704711.7520262
422,3247613.96730163,1730911.96530443,41907.1235592445,13017.1813842838,40704711.7520262
423,3237285.26420894,1730005.88125432,41402.7656363251,12625.7220223935,40704711.7520262
424,3227615.48871087,1729520.04477177,41775.7532335383,13106.3790213673,40704711.7520262
425,3218678.9523341,1729509.92651384,42203.07070204,13635.5692634803,40704711.7520262
426,3210519.25507748,1730008.46157246,42665.6902555683,14193.9344158643,40704711.7520262
427,3200034.91069737,1728752.5429219,41093.3396418348,12735.0712855148,40704711.7520262
428,3186679.05091617,1725341.89130191,39135.2029672643,10912.354578804,40704711.7520262
429,3176376.44123483,1724100.41425982,40983.0962574299,12871.9863841767,40704711.7520262
430,3168809.57599049,1724799.09948995,42651.8557086902,14631.2618738811,40704711.7520262
431,3163367.6865757,1726994.23402213,43946.5920959542,16000.0125232696,40704711.7520262
432,3160067.50598165,1730699.38964116,45266.7290616416,17377.5473242155,40704711.7520262
433,3148683.46991822,1729895.45085017,30936.6095581911,3242.05240349894,40704711.7520262
434,3137626.88779007,1729272.11923882,30892.376111241,3389.0913778926,40704711.7520262
435,3125956.02463935,1728078.02359148,30643.7238153469,3332.25051707552,40704711.7520262
436,3114910.28876109,1727303.81189326,30662.5105107804,3538.33650160622,40704711.7520262
437,3104556.71626402,1727004.47054883,30698.4870503577,3756.84465592034,40704711.7520262
438,3094934.42188997,1727212.58398193,30745.8941468844,3981.87533920951,40704711.7520262
439,3083226.9592829,1725679.47667593,30158.4676932081,3578.76758287845,40704711.7520262
440,3068937.96763404,1722007.7912268,29449.2270635495,3062.6471450389,40704711.7520262
441,3057447.02936781,1720494.0166002,29898.3086724714,3691.59431086893,40704711.7520262
442,3048464.66047806,1720910.11211495,30293.1343928219,4254.20425521592,40704711.7520262
443,3041435.32790376,1722814.77204109,30573.4413131157,4692.49188596156,40704711.7520262
444,3036373.51971792,1726221.1326029,30860.3706128857,5127.53664525463,40704711.7520262
445,3026464.31586246,1725836.16844436,18490.5917517127,-7185.48048296072,40704711.7520262
446,3016867.76856653,1725637.69639108,18464.0192746505,-7157.76482484653,40704711.7520262
447,3006617.43564406,1724848.37473831,18725.5210866176,-6835.573744056,40704711.7520262
448,2996984.83485159,1724493.03252466,18595.2632244749,-6910.43878060257,40704711.7520262
449,2988039.00817808,1724628.61328926,18443.7002016913,-7012.54867882852,40704711.7520262
450,2979820.27838045,1725288.89097177,18279.880175838,-7133.23443905921,40704711.7520262
451,2969440.01971021,1724147.47442345,18966.6677162374,-6383.05899919652,40704711.7520262
452,2956390.30235363,1720789.2321597,19785.7299690677,-5475.66963247335,40704711.7520262
453,2946190.20617107,1719659.06459336,18920.2517720448,-6278.65740552628,40704711.7520262
454,2938542.16407536,1720521.61750226,18155.6256123705,-7003.92152351243,40704711.7520262
455,2932875.77299417,1722920.63311359,17571.6367309621,-7566.44743229066,40704711.7520262
456,2929205.47115544,1726869.93972813,16988.2949016066,-8146.37371119854,40704711.7520262
457,2920249.64645786,1725654.660315,8011.1745022158,-17053.2330747606,40704711.7520262
458,2911602.15123602,1724636.23369092,7847.08587022729,-17149.6154811452,40704711.7520262
459,2902285.71411751,1723066.27032061,8447.46138826044,-16475.9422814116,40704711.7520262
460,2893587.50942409,1721930.78131762,8026.33651302904,-16828.9582543019,40704711.7520262
461,2885577.24763081,1721284.11786048,7545.88816722227,-17247.0645382806,40704711.7520262
462,2878295.61171136,1721158.45374138,7028.99235212813,-17707.7232986891,40704711.7520262
463,2868818.85539187,1719312.82534535,8798.05178985187,-15864.0320256541,40704711.7520262
464,2856632.93354258,1715354.74082864,10960.263352702,-13604.4631025061,40704711.7520262
465,2847323.93025066,1713563.73438138,8712.25347429769,-15779.1751351235,40704711.7520262
466,2840590.43171537,1713713.52433905,6701.22026319707,-17738.4618957332,40704711.7520262
467,2835855.04333851,1715365.17777697,5143.8393685665,-19260.8267114554,40704711.7520262
468,2833132.36880668,1718532.31979758,3572.77970574226,-20813.7377000961,40704711.7520262
469,2821748.30879381,1716501.03229207,-883.196220869686,-25162.8868093859,40704711.7520262
470,2810661.70883102,1714658.4126304,-1198.68794397856,-25373.945407407,40704711.7520262
471,2799030.91276133,1712294.20026599,-352.326285289083,-24419.2058342656,40704711.7520262
472,2787963.56666034,1710344.46202917,-1051.10422348492,-25013.9857613499,40704711.7520262
473,2777519.08194655,1708860.89261767,-1841.1824764545,-25704.8910481163,40704711.7520262
474,2767731.84938864,1707874.00992516,-2688.23904201463,-26457.8575589594,40704711.7520262
475,2756085.49429463,1705258.57230942,-50.6030388347613,-23712.2906831101,40704711.7520262
476,2742139.44349263,1700639.22831794,3201.65772898738,-20334.9443001614,40704711.7520262
477,2730702.16314462,1698076.30848503,-224.493715472915,-23655.0138613821,40704711.7520262
478,2721511.77399851,1697353.71508258,-3303.11123080053,-26644.5895995927,40704711.7520262
479,2714069.38317837,1698053.87980658,-5702.9197399313,-28968.650980303,40704711.7520262
480,2708386.02247707,1700188.77658186,-8130.0471123557,-31333.4157134102,40704711.7520262
481,2696022.76695665,1697275.55072585,-6455.87839912927,-29587.7534972608,40704711.7520262
482,2683964.22641656,1694552.94420464,-6826.84474392385,-29889.7699848389,40704711.7520262
483,2671451.91682409,1691352.3544338,-5810.35827668635,-28799.350531179,40704711.7520262
484,2659482.31080965,1688554.61316061,-6635.68703537173,-29555.6742705502,40704711.7520262
485,2648108.36676723,1686208.17631962,-7568.61453172448,-30425.063149412,40704711.7520262
486,2637360.60257991,1684341.57023283,-8568.24135065459,-31366.9331580193,40704711.7520262
487,2624973.12551261,1680954.52001917,-5398.48960050115,-28122.6793431142,40704711.7520262
488,2610548.30703841,1675686.10192749,-1492.37130144184,-24121.3314152239,40704711.7520262
489,2598414.08152143,1672357.60969304,-5550.24027171387,-28106.2596082114,40704711.7520262
490,2588334.5798816,1670765.71823312,-9190.99267567029,-31694.0515604615,40704711.7520262
491,2579860.6279749,1670517.0709408,-12019.1029932925,-34484.7489556333,40704711.7520262
492,2573002.09307057,1671622.57974966,-14876.632277868,-37320.5397729843,40704711.7520262
493,2564183.44111434,1670298.06128675,-15827.7314616518,-38202.480530068,40704711.7520262
494,2555648.19047807,1669160.92316286,-16263.7040095159,-38571.5364923252,40704711.7520262
495,2546533.02276139,1667479.26112962,-14912.5887687677,-37148.4207545019,40704711.7520262
496,2537973.54505967,1666218.0092176,-15935.4346140971,-38103.8638613624,40704711.7520262
497,2530030.86255731,1665429.78922736,-17098.9770380378,-39205.1301956101,40704711.7520262
498,2522740.43884479,1665145.58777026,-18350.5314565422,-40399.8442426519,40704711.7520262
499,2513522.75976331,1663171.6694736,-14234.3322209877,-36210.2885414381,40704711.7520262
500,2501925.95980191,1659130.00961575,-9166.62579346714,-31048.8640407711,40704711.7520262
501,2492879.31110063,1657210.23195511,-14362.0987014833,-36172.2143504957,40704711.7520262
502,2486114.57570255,1657189.76688023,-19026.3820332695,-40783.6891678302,40704711.7520262
503,2481120.49055485,1658638.07561605,-22649.1084139156,-44368.5780462174,40704711.7520262
504,2477908.48178429,1661567.80069581,-26314.8265203801,-48011.5403509563,40704711.7520262
505,2466852.52736493,1659088.7446743,-23497.4127624593,-45106.6744331434,40704711.7520262
506,2456079.98125461,1656793.61470423,-24049.1597318233,-45573.2538116584,40704711.7520262
507,2444855.66717744,1654001.43286351,-22476.4193845364,-43911.2896865206,40704711.7520262
508,2434143.21752739,1651609.81514697,-23722.2856321353,-45072.2116277944,40704711.7520262
509,2423993.62610244,1649668.01965293,-25135.6918216495,-46405.3973281591,40704711.7520262
510,2414436.21510121,1648204.97425948,-26654.1668739922,-47848.6335468697,40704711.7520262
511,2403278.80281278,1645183.1410326,-21787.3464268009,-42892.6104260202,40704711.7520262
512,2390138.09383743,1640243.24034055,-15782.2547292717,-36781.042716034,40704711.7520262
513,2379202.52041985,1637278.70258436,-21966.4921768673,-42877.7358628351,40704711.7520262
514,2370243.21558619,1636081.008554,-27524.3100022643,-48364.9551150253,40704711.7520262
515,2362824.78027249,1636248.64638557,-31848.1882503122,-52631.420991283,40704711.7520262
516,2356955.95965912,1637792.14674761,-36225.6407572449,-56964.7338134129,40704711.7520262
517,2347904.56181381,1634227.00511548,-29934.6099739424,-50555.2500107893,40704711.7520262
518,2339128.63085911,1630864.82299199,-30597.9065594273,-51102.4373307872,40704711.7520262
519,2329850.09444406,1627076.39743416,-28868.0868508337,-49254.212304417,40704711.7520262
520,2321092.04051659,1623689.33544862,-30309.6086817422,-50581.1106797826,40704711.7520262
521,2312909.11652979,1620748.81683712,-31940.0983944109,-52101.071379599,40704711.7520262
522,2305332.88725057,1618281.32205815,-33689.4254441287,-53744.1414790116,40704711.7520262
523,2296038.44612853,1614405.25480168,-28243.3510986553,-48182.2459933568,40704711.7520262
524,2284618.55483962,1608782.10329383,-21507.8676089287,-41318.9611870476,40704711.7520262
525,2275515.28763497,1605004.50621941,-28491.2833655817,-48189.0166272642,40704711.7520262
526,2268486.7579497,1602881.63290227,-34774.6312094517,-54371.9732336071,40704711.7520262
527,2263071.86849906,1602043.91458534,-39672.8625451535,-59180.0234696984,40704711.7520262
528,2259280.39155954,1602501.82536585,-44634.4144958194,-64061.6580010239,40704711.7520262
529,2252099.47330055,1600666.72590922,-37782.3196537863,-57136.2714435945,40704711.7520262
530,2245181.30388769,1599011.41678686,-38471.4238307262,-57754.1550042194,40704711.7520262
531,2237700.8524771,1596848.54178198,-36457.0266545184,-55664.5176094542,40704711.7520262
532,2230744.36055803,1595084.31905015,-38027.3377730727,-57163.5753378164,40704711.7520262
533,2224370.16929186,1593768.01600143,-39811.2429272146,-58880.6362712034,40704711.7520262
534,2218612.07865212,1592928.53227866,-41729.4126290106,-60736.6152435891,40704711.7520262
535,2211003.45314917,1590506.45336579,-35518.2372928941,-54449.7135571478,40704711.7520262
536,2201112.7617683,1586146.11460192,-27853.3440137165,-46692.3938616972,40704711.7520262
537,2193654.04174315,1583781.37448419,-35692.9024604515,-54457.5944915139,40704711.7520262
538,2188370.65803564,1583201.99396422,-42739.1600223309,-61445.6411745198,40704711.7520262
539,2184773.39395454,1584002.66159311,-48218.3978960597,-66879.1963057974,40704711.7520262
540,2182872.70008269,1586194.33476333,-53767.7591064071,-72395.4802558588,40704711.7520262
541,2175818.53956095,1584586.80448939,-44473.3702807184,-63042.9561652915,40704711.7520262
542,2169022.22478983,1583142.73700516,-45224.6087509221,-63738.1188188106,40704711.7520262
543,2161676.91304194,1581165.69787732,-42987.7430391147,-61440.7056059471,40704711.7520262
544,2154844.71599223,1579574.77162264,-44712.4444029587,-63108.9784841863,40704711.7520262
545,2148582.58273978,1578420.21091828,-46673.1571174784,-65017.8392082193,40704711.7520262
546,2142923.44928959,1577731.41225181,-48782.20416613,-67079.8767461112,40704711.7520262
547,2135455.45933944,1575423.97610132,-41903.6584165746,-60139.6582785858,40704711.7520262
548,2125756.93740055,1571133.00803882,-33417.4141425247,-51573.6684598486,40704711.7520262
549,2118437.35620717,1568843.6024313,-42065.9731948155,-60161.6869111778,40704711.7520262
550,2113245.14701643,1568340.42869749,-49837.7604982461,-67890.0783331432,40704711.7520262
551,2109701.42862879,1569211.02643752,-55877.512636566,-73899.6991178727,40704711.7520262
552,2107815.94792323,1571464.8875796,-61994.4778742113,-79999.8809112213,40704711.7520262
553,2097857.80427196,1567891.46926499,-48672.3922892363,-66583.3061146357,40704711.7520262
554,2088161.56323654,1564502.70441701,-49524.7079395461,-67343.2508663354,40704711.7520262
555,2078072.3729176,1560680.91784477,-47209.2589191517,-64932.7283245776,40704711.7520262
556,2068448.21678601,1557239.74014632,-49089.9608087381,-66721.8230642309,40704711.7520262
557,2059334.18723089,1554223.37530373,-51221.0417143782,-68765.0741929963,40704711.7520262
558,2050756.00013174,1551657.58745903,-53509.7682049309,-70969.9252581978,40704711.7520262
559,2040761.85142001,1547694.80574639,-46267.4996856896,-63633.6028919069,40704711.7520262
560,2029011.03555652,1542010.34280288,-37314.1229675523,-54573.5451391616,40704711.7520262
561,2019232.62683472,1538134.23741158,-46514.0873410035,-63681.208430393,40704711.7520262
562,2011222.02829082,1535876.35716286,-54789.4951323773,-71877.2043546603,40704711.7520262
563,2004590.62714181,1534871.74805498,-61233.0279580727,-78251.3950336459,40704711.7520262
564,1999345.13045675,1535129.16959358,-67760.9299287428,-84720.0715796153,40704711.7520262
565,1990388.59910046,1532099.04144875,-51860.9181751666,-68743.4218314019,40704711.7520262
566,1981689.06889211,1529258.0149374,-52736.9856850704,-69544.7614143868,40704711.7520262
567,1972593.19804173,1525976.0375795,-50336.5260732499,-67066.3330350205,40704711.7520262
568,1963959.35949885,1523082.69431776,-52275.3014114929,-68930.6645899396,40704711.7520262
569,1955832.89913356,1520623.17021974,-54472.4304065367,-71057.2321801647,40704711.7520262
570,1948239.68866196,1518623.86143293,-56832.0071759648,-73350.3344450376,40704711.7520262
571,1939228.2128776,1515200.4113496,-49331.2541402285,-65771.8112128363,40704711.7520262
572,1928456.78284812,1510020.72307134,-40060.4828605083,-56409.3000335954,40704711.7520262
573,1919653.05569832,1506684.44638339,-49563.2462605667,-65835.7577282356,40704711.7520262
574,1912613.1321402,1504998.45603893,-58108.5004140638,-74318.5229661823,40704711.7520262
575,1906948.97572471,1504591.21562954,-64757.8713438312,-80916.1564255617,40704711.7520262
576,1902667.62672839,1505472.18931033,-71493.1526999674,-87610.5044982509,40704711.7520262
577,1896359.59913085,1503155.05198934,-57366.4888195938,-73436.7717237683,40704711.7520262
578,1890284.10825662,1501010.39345294,-58246.8581907919,-74271.977140317,40704711.7520262
579,1883713.02406186,1498389.0075648,-55635.4906460777,-71611.1664474334,40704711.7520262
580,1877605.59866956,1496147.04274611,-57651.4206236809,-73581.522125452,40704711.7520262
581,1872013.17622339,1494331.20351083,-59943.3118009265,-75832.1460967694,40704711.7520262
582,1866965.31396632,1492968.77552968,-62408.7923141374,-78260.9201723657,40704711.7520262
583,1860284.74625452,1490117.17360931,-54367.9490986609,-70169.4365734131,40704711.7520262
584,1851591.66266026,1485432.61287336,-44444.1314664471,-60177.8108385709,40704711.7520262
585,1845047.82779204,1482628.15470166,-54536.5332429951,-70220.5845734794,40704711.7520262
586,1840425.61160465,1481503.56598191,-63607.0047692586,-79257.6821370964,40704711.7520262
587,1837291.96349267,1481674.68719328,-70655.6214223748,-86285.5091328022,40704711.7520262
588,1835654.87930621,1483150.48767408,-77795.5236806409,-93417.2825926829,40704711.7520262
589,1828825.31884248,1480058.24671236,-60769.7842677768,-76352.1869236783,40704711.7520262
590,1822229.60874799,1477141.15901606,-61693.8206639347,-77238.690037196,40704711.7520262
591,1815184.44434188,1473786.07053214,-58981.2160641887,-74483.9952440135,40704711.7520262
592,1808589.50180691,1470801.20171966,-61086.5270560602,-76551.0722801055,40704711.7520262
593,1802492.64218901,1468230.10783153,-63478.7416885713,-78909.362367927,40704711.7520262
594,1796921.28463154,1466098.08838417,-66051.2804529048,-81452.5485725594,40704711.7520262
595,1789832.61075964,1462569.37770236,-57679.4085165439,-73036.810216763,40704711.7520262
596,1780870.15332552,1457326.02285266,-47345.3459666986,-62641.0383339194,40704711.7520262
597,1773937.97889441,1453875.68424941,-57853.6128841702,-73106.2410784241,40704711.7520262
598,1768822.14122055,1452028.82352832,-67297.1952865351,-82523.4113639155,40704711.7520262
599,1765116.00212897,1451422.31610899,-74634.7213249274,-89847.3859344886,40704711.7520262
